-4.762513573968809,4.8306348801548005,1.0
0.06302846937428619,3.917489593292899,1.0
-2.159404787632659,4.746278741954406,1.0
-1.3295798551900422,-5.86994818223642,1.0
4.864583717031163,-4.904559878566397,1.0
-2.1682363489150216,5.400743604609659,1.0
5.407285763250673,0.8812546574794329,1.0
1.5820465460375912,-0.6186537362601623,1.0
-2.4814707396232256,-2.0560254555610085,1.0
2.0702214729244606,3.02849435325216,1.0
3.4989485247101832,3.4754177135346467,1.0
-4.905526763415716,-0.06695634356902236,1.0
-5.309294879800269,0.5943465878848269,1.0
-0.7016339835194758,4.652450193099597,1.0
-1.7890198493750553,-4.59519580286873,1.0
-4.28409981536597,3.138127580609666,1.0
1.4186167597951327,-4.7865278865265175,1.0
-4.990718326620031,2.4116295775094407,1.0
-5.126843923629678,3.8623207114842746,1.0
2.474906725877954,-5.023814632297203,1.0
-4.981947430977697,5.839674942014106,1.0
-1.5087504509265557,-1.5522942351973086,1.0
3.753594807090032,5.366982928606305,1.0
5.832012765874451,3.0405382231072995,1.0
-1.4848849736290113,-4.997991399615975,1.0
3.325762991129242,0.7008509968296606,1.0
-0.909335889036285,4.876252621136832,1.0
-4.6656302123261835,-0.0884987485096902,1.0
-5.863756262790972,-0.3760722960704843,1.0
-5.324360691817952,-4.574185004783137,1.0
-4.589685038674741,1.7905236253927628,1.0
2.9525385511850786,1.000425181165916,1.0
5.546070581694503,-1.5015530457155517,1.0
-2.571454964617671,4.4231895382735225,1.0
-3.3168499377665683,5.558670473287336,1.0
-5.854146303722204,5.638545920491669,1.0
-5.482081056593087,4.6937173643768535,1.0
0.33241330903559785,5.9155775534316035,1.0
-5.114441223175214,0.6462514128158494,1.0
5.631630427429187,0.2771741300417858,1.0
1.5527836576231504,2.348984267815407,1.0
-0.5455072227867213,1.5306969610087613,1.0
1.0117717430772029,4.813896125891867,1.0
-5.454643435902506,-2.628441724893236,1.0
5.404937808918705,4.683165406690996,1.0
-0.5321189665714448,1.4415911736184412,1.0
-2.671425804226408,-3.7425460833148643,1.0
-0.4356191407202141,-1.7597732636873662,1.0
1.0038733422104649,-5.0671843564201815,1.0
5.692737691993997,5.834528933755234,1.0
2.3779405682369408,0.43315639612944423,1.0
-2.285668604564067,3.7655402364833837,1.0
2.216774070646551,-4.048596727861304,1.0
4.93112621392611,3.870446915078027,1.0
5.397598959503089,2.708634100660319,1.0
1.3609823512294783,-0.9810835645125735,1.0
5.192741800248159,4.3927666740049,1.0
-5.457375958725727,-5.683596306032976,1.0
-1.4824395974634044,3.7266399693819956,1.0
5.847313551779333,-4.194997306757662,1.0
1.1295685842256216,-1.4293097204277423,1.0
5.638972773775238,4.105427077628505,1.0
4.059944456533653,-0.37568208246035617,1.0
-1.0221659719480183,-2.719115136831525,1.0
-5.323494040188875,4.376668515060638,1.0
3.7548121095609304,5.996612079433568,1.0
5.9596420448868646,0.6651804672315293,1.0
3.227848982166126,5.337188758589136,1.0
4.195768688128938,-3.031822779081628,1.0
-0.5934703762788782,-4.45008701818206,1.0
5.448612327104669,1.2740956134105605,1.0
-3.2562863339584474,2.0604082128702803,1.0
1.41753888549475,-1.7020473836059136,1.0
-4.637308893604452,2.0588783471135947,1.0
0.24369241084551962,3.267820700827672,1.0
0.24196201334392065,4.226178003822481,1.0
0.6228820652938261,0.7312556584246348,1.0
4.51984323190014,-1.1582056054512355,1.0
-4.391817258592312,-5.654607884239932,1.0
3.0616470680834276,1.443714616241576,1.0
2.4489572171906833,-3.444430061893071,1.0
-4.363542292958763,-5.825464011985417,1.0
-1.7929492943208363,1.0790122422555974,1.0
-1.2930714588032117,-0.7503009357152512,1.0
4.8499043339249805,-1.8209343957203963,1.0
0.16787386991772912,3.4038361528937173,1.0
-1.241486612144758,1.4650404027344823,1.0
4.3483645049609425,5.394247483891705,1.0
-4.235118228851545,5.119051501937932,1.0
-0.0946044830455417,-2.9010673404125,1.0
-0.4903709251408639,5.760390903425725,1.0
-0.08858287208556526,-2.0549806765499015,1.0
1.6008102518007092,-3.118252574661683,1.0
-5.0896400626960325,-4.453443337072209,1.0
-4.46344993250673,-4.177167677852468,1.0
-4.334073928207078,1.6904969376385752,1.0
-3.817438987210262,-1.8519926001136415,1.0
4.761460918872142,-0.31246031684553177,1.0
2.010692862252327,-3.932161545580442,1.0
-3.6925317742959507,-5.509576604802254,1.0
-3.9727792431340254,-2.6569159316164965,1.0
-3.875874188679038,-4.935569594915332,1.0
-4.55236954679279,-0.47065478360729074,1.0
-3.52399537913049,-1.6287616674230945,1.0
0.04100725025828211,2.2847379435523827,1.0
-5.528254321906813,3.5929247869085117,1.0
1.5348046738908927,-5.018891616613537,1.0
4.482943489281327,5.050468806381758,1.0
-5.2670644817416346,-2.6774682222335553,1.0
3.674415357516736,2.9791162846039008,1.0
-3.785747767723472,-3.4878081199594764,1.0
-1.5543347665034162,-0.18572417770774408,1.0
1.4190572583635515,-1.5730363251627306,1.0
-0.44958340640222527,2.9696512576050793,1.0
-5.559801565312825,-2.970756667871751,1.0
2.5601950306146293,4.742482052246391,1.0
0.14012930538799395,0.3853618231837874,1.0
-4.713935863922687,-0.6310515981185443,1.0
0.3914071974602784,-3.090353956383244,1.0
-2.7690812286074284,-1.4725900427445282,1.0
-5.759145626667284,-2.1350500130018606,1.0
-3.4626239160414642,-2.0700317738650242,1.0
-4.562854418168985,4.6863273688787395,1.0
1.123109442648584,2.1492278297338743,1.0
3.470054863288059,-0.018693612851312658,1.0
-4.956956542950916,0.4452785018225729,1.0
1.04209341625055,2.945273690211959,1.0
-0.8200854452438477,-4.469036366453235,1.0
-2.5946891304153064,-1.6430124432163788,1.0
1.7510068959792147,0.8493396560269426,1.0
-1.726839289225845,5.838182985515756,1.0
1.2692978322826463,-3.1532784991680662,1.0
-4.778610328555155,-4.165690329788015,1.0
-3.0485072593859024,-4.0718235208853315,1.0
-3.761195711384331,-2.578857975673835,1.0
-3.919516856462942,4.761185095517103,1.0
-5.0371950520602935,0.29413667484305606,1.0
-1.0752380761240623,5.788543402903276,1.0
-4.655533173983372,-1.2257328114511008,1.0
5.633645199304427,4.386085510727764,1.0
3.8048648513913594,-2.905166075460722,1.0
-3.94934895131921,2.023718639093172,1.0
5.152511869531029,0.681154716167157,1.0
0.8593522736387982,-2.64025087607659,1.0
3.2339151983032437,-3.7554750173097196,1.0
-2.115849163149076,-0.8947627366029991,1.0
0.09132454421346026,-3.091083211019037,1.0
-4.621958103129558,1.3274405092995911,1.0
-2.5364333611169307,0.9748586570713478,1.0
-4.147647416709573,-0.22631877774218978,1.0
0.39107319061903034,-5.378117558130877,1.0
-1.9607486616729535,-4.387023876732309,1.0
-5.239500354326787,5.879522788679342,1.0
-2.1317538603033244,3.718493350255619,1.0
-2.944312142834834,2.1780326666871517,1.0
3.1227343186762386,1.1476648872941313,1.0
-0.34108573739809955,-1.0579090302327776,1.0
-1.813580801484056,5.154349730973911,1.0
3.9674328934527487,5.58032292799815,1.0
-4.508433318173463,2.7704097024437306,1.0
5.260085481852453,-3.825203206012078,1.0
-5.20204479159867,2.8934477914807086,1.0
0.8936773581589428,4.101945321099265,1.0
-4.322731480484526,3.543207742318682,1.0
-3.5804721594270656,-4.036128685611546,1.0
-4.028810424828085,3.7748966427765858,1.0
1.982366648354402,0.2767850972294319,1.0
-1.6940341905179697,4.526406489757299,1.0
-1.2906587109283754,3.7991932736589256,1.0
-0.7303810971573785,-1.476666846901109,1.0
-0.4478425719647223,-2.383465510030295,1.0
2.9713125621150134,0.032644681109749385,1.0
-3.2134476582381923,4.794894879294821,1.0
-1.3933053435214635,0.5226343333678631,1.0
4.877665331574564,1.4908559509679051,1.0
-4.597223511499632,5.277985483361702,1.0
1.5324966368570143,-1.9811326241149665,1.0
-4.328735128039353,3.528302271243552,1.0
1.4408730711421622,0.4015331037158578,1.0
4.726710996611491,3.46316653469437,1.0
-4.179901443206986,-2.2593351864534212,1.0
-3.018130322226411,2.9273555108721236,1.0
-5.597610783170648,0.8386762184557988,1.0
3.1495042288882864,4.521187641140994,1.0
-1.89501901540911,3.8550876560641534,1.0
-4.672419156537513,4.157427500814219,1.0
-4.470136052016211,-1.2325525132755928,1.0
3.5675443893546444,-4.200990871814715,1.0
-3.248983257208302,2.6670308207167963,1.0
2.6404384385528914,1.693771594623568,1.0
2.3273813336051994,0.5126933201711541,1.0
-2.978411293116567,-1.8516480779529667,1.0
-3.820827398382892,4.9014067360035405,1.0
1.0007015371934456,-1.1897829988363213,1.0
-0.45593035627040734,5.367400075341784,1.0
-4.159783162607038,1.0347579842015673,1.0
0.07066414661359133,1.3374508252157735,1.0
-5.7826777941499135,4.465486907329819,1.0
5.185419389803348,0.7815982030705069,1.0
2.359809886522708,5.069992574127548,1.0
0.8801979706691316,2.2007495275451436,0.0
1.822024253476597,3.2701158103795858,0.0
2.06345604635181,2.2009946817223507,0.0
2.2564584234138882,0.7293805961558877,0.0
-2.02848952748887,-2.1980927223749083,0.0
2.1421398354036074,2.8713343903278155,0.0
1.4646236892447289,2.5272258634655684,0.0
2.8346254031884843,2.1509946051787763,0.0
-1.7246056929486344,-1.7022884216181384,0.0
2.6625070264434076,2.10266628188898,0.0
2.882026172983832,2.2000786041836116,0.0
-2.4884476933676627,-2.294789961272608,0.0
1.6609871092177748,2.6489228953255495,0.0
-2.443452163141938,-1.5608481211337348,0.0
1.9344729942292938,2.5665399397798607,0.0
2.702272757469856,2.073220385239125,0.0
1.41343829744292,2.9718105928246463,0.0
-1.6904225391972556,-2.9371567483705343,0.0
1.540443277565028,2.096376924532608,0.0
1.4603284169875024,1.94288722427491,0.0
2.422497801500419,1.6622030861849684,0.0
1.5923621694317707,2.9006069954042673,0.0
2.2032077468381033,1.90341164922508,0.0
2.4893689920528694,3.120446599600729,0.0
2.4802786122286142,2.112920239301345,0.0
-1.9082856766662377,-1.8560422838923607,0.0
-1.9309641777771966,-1.397699766675411,0.0
-1.7875486638250635,-2.940741899265671,0.0
1.7888425879373646,2.0523570147166423,0.0
1.826875276176345,1.6026818394642506,0.0
-2.4373312609944224,-2.342200778070213,0.0
2.48338400558323,2.254033954695739,0.0
2.4670898742498624,1.3042473652978903,0.0
1.4850323583455118,1.8250283177054476,0.0
-2.2129079331819344,-0.9959253603115208,0.0
1.2890400641797815,2.998978039875002,0.0
2.073717200825486,1.5112675613770654,0.0
1.72525072684798,1.4507146362223353,0.0
-1.5170319407701494,-1.2886976255154825,0.0
2.4704588072875566,2.202602040161444,0.0
-0.9382367885099132,-1.3015754561842996,0.0
3.0583955107418377,1.1945607982750333,0.0
2.0337584285871624,2.388802068951456,0.0
1.9944271940790794,2.0057494499350312,0.0
-2.1711422798802906,-2.202147210314747,0.0
1.410421034681156,2.6507140358323804,0.0
-1.3866680131062599,-1.6668227288749056,0.0
2.2240976422116563,2.8480907864140805,0.0
-2.2069019945248325,-2.5484624858665565,0.0
1.6812814872238855,1.8013640928356012,0.0
-2.7308691711083615,-2.7743980685013327,0.0
-1.9570784473287741,-2.2469633535429603,0.0
2.3112595701524987,1.6844040291265714,0.0
1.5033193122884323,3.021036074913477,0.0
1.9447296713837636,2.5100863558579,0.0
2.0437657354608354,2.469373437841155,0.0
1.4836784490539352,1.7816258312709963,0.0
-1.9352227397268904,-2.702983540571314,0.0
2.796385377208742,1.8707136841616143,0.0
1.9698562331804406,2.139040523983972,0.0
2.3457693755350935,2.347374571828003,0.0
1.9320251496608396,2.5684456813013474,0.0
-2.7548308030341495,-2.138695695871555,0.0
-2.27067979421561,-1.9542390266105614,0.0
-1.9364880233394048,-3.024615956622333,0.0
2.30703968517304,2.4611033357832635,0.0
1.3535715451382757,2.1335254346745915,0.0
-2.152976287549196,-2.219237229017303,0.0
2.2616308693440383,1.731208315720969,0.0
1.9085475095715245,2.4481242126780796,0.0
-2.167310802977061,-2.439778548655692,0.0
-1.5932738774429465,-1.7633547025426002,0.0
-1.4691999149823696,-2.5924437222858847,0.0
1.6400297339290526,1.5532127988429043,0.0
1.570513805777829,1.550528921767232,0.0
-2.13626637424388,-1.6312392432930591,0.0
-2.001811408618251,-2.240143554739188,0.0
-2.077517904059163,-1.9669698691067536,0.0
-1.138151862166369,-1.643491885144531,0.0
-1.5316023918730055,-1.614834560336394,0.0
-1.4113839728014173,-1.4800041076466561,0.0
2.8774930768710294,1.933505788845204,0.0
2.2013127655650178,1.1120560000190856,0.0
-1.9861189341872492,-2.212771106385724,0.0
2.48034669923033,2.664531423269841,0.0
-1.4595266650725565,-1.5553120459223728,0.0
1.9570346165141936,2.097146469022886,0.0
-2.3266423509639447,-1.9607429874129119,0.0
-1.674957742813843,-1.0895303629551623,0.0
-2.333861595458082,-2.0057777601121507,0.0
2.804261077974362,1.7192106251983896,0.0
-1.7719234820864722,-2.178789515984299,0.0
-1.448248116635812,-2.287627997403059,0.0
-2.503777437891488,-1.7165653137794643,0.0
2.3843853221997375,1.7893362063376597,0.0
-1.9008364703223293,-1.4050109751020865,0.0
1.7323649177335778,2.012702604192508,0.0
-2.601237654102216,-1.7919501827920883,0.0
1.7355650732219423,2.0868559264935116,0.0
1.771179702855237,2.1859055407487467,0.0
-1.8451482053141703,-2.6708524717120175,0.0
1.7172510968126717,2.2380156917190575,0.0
1.519747809183426,1.6034413186461642,0.0
2.0007355001227056,1.61664757273155,0.0
-2.105000269555105,-1.4739232615806648,0.0
-1.8804564598132003,-2.303943723140977,0.0
-2.299075226258243,-2.7600196425960317,0.0
2.117410762974366,3.066076705285222,0.0
-2.294406599766922,-2.083076567803976,0.0
1.9771480196698825,2.1102538278785867,0.0
2.6151453403638603,2.6011899243922056,0.0
2.0657869839540344,1.297219976304055,0.0
-1.9016149549563222,-1.5151881353879766,0.0
-2.329855623604835,-1.7629960663614852,0.0
2.0803305949098863,1.5236775235923061,0.0
-2.1338738987655956,-1.8934118681168044,0.0
-2.7501641879892853,-2.409252070296838,0.0
1.1723279808451612,2.076822230407833,0.0
-1.9304679248476586,-2.4288351022877,0.0
2.144560252639406,2.2064354102230874,0.0
-1.4755597417910038,-1.7156945836445565,0.0
-2.26237097748111,-2.6926387918835992,0.0
2.4954545868424227,1.9066454440951104,0.0
1.5646014254090592,1.7105751676177923,0.0
2.2820042675369043,1.3577238510037364,0.0
1.9821159640698895,3.190372675609875,0.0
1.7598754825025373,2.468053775054849,0.0
-2.2984585558915973,-2.11147959148519,0.0
2.500665508673365,2.2986062522017123,0.0
0.8152065473866985,2.432026150248824,0.0
1.775917318659646,1.675331036134806,0.0
-2.5719903497993704,-2.359786927958975,0.0
-3.4053340274145985,-2.0753268190104466,0.0
2.792410263674509,2.323983895504944,0.0
-2.8428640252337756,-1.9412625060060151,0.0
2.539098651857119,0.7204076668279518,0.0
-1.900301463597257,-1.0271193043468365,0.0
1.774348481448737,2.1328439874831178,0.0
2.1112315820043035,1.9558122384004226,0.0
-1.8963913032945232,-1.7082150365453481,0.0
-1.5913014518159172,-1.676692193042371,0.0
-2.483465544228367,-2.865865673233963,0.0
-2.394551090128325,-1.9993757721057568,0.0
-1.7763939562725843,-2.3080605616617396,0.0
-2.810137051211281,-1.4469042635744773,0.0
1.8442237339363137,2.0280826711148725,0.0
-2.5545363658971887,-1.9036919449826937,0.0
1.8902294858343933,1.4579816896640327,0.0
2.7166762514409957,2.2091990056545963,0.0
1.7519488330087187,1.9625975086598295,0.0
-1.8780216880460077,-1.214848044044384,0.0
2.137800336992028,2.7175246933945774,0.0
1.387282240584916,2.4221814882007737,0.0
-1.22149497923392,-1.557986401286837,0.0
1.8262746737507183,1.7093657615698374,0.0
-1.099768618769886,-2.597551886731738,0.0
1.1509470902838728,2.1936402376975317,0.0
-2.466658120113461,-2.0172375230441992,0.0
-2.196724560592832,-1.9986412300546597,0.0
-2.8883455094646244,-2.46739151311553,0.0
1.8232841256214005,1.1917629056744836,0.0
-1.6113615181160224,-2.145520731636513,0.0
-2.2051093463901643,-1.3089090558034306,0.0
1.4757235174664536,1.2899910314105125,0.0
-1.9470826781916106,-2.430254873554804,0.0
1.5522667194031623,2.193451248929631,0.0
-1.3286889947448235,-2.3699679264826297,0.0
-1.4926311525851115,-1.2798481794911887,0.0
-1.8621667253296128,-2.3541925261690535,0.0
-2.569161979107508,-1.9354189128798118,0.0
1.6210645697874169,1.974957952857589,0.0
-2.553823450450515,-1.882511403555474,0.0
1.7665772269736189,1.2915469434368703,0.0
2.5225116877513454,2.299519763188092,0.0
1.8915252150316755,2.2226966254473988,0.0
2.733289357787089,2.426275969730616,0.0
-2.252066040081869,-1.3607354055076675,0.0
3.3402854203845003,1.8995957430021673,0.0
-2.475258972722265,-2.231998211665422,0.0
-1.5869371457844035,-2.0288782791893563,0.0
-1.3371460203378143,-2.170991138842026,0.0
-2.2239574192077702,-2.099357530835399,0.0
1.5931027583843471,1.2754411946315347,0.0
1.4909790623563177,1.9610726220295747,0.0
-2.2449141094236333,-1.6705989291542436,0.0
2.386347418551191,1.1692008544427182,0.0
-1.488894822707088,-2.2087147281709942,0.0
-2.387147540243402,-2.1346948892256203,0.0
2.1541656229796726,1.3109582664679613,0.0
2.456600962126089,3.1056521666197465,0.0
-2.4527678976097476,-1.8674796988803406,0.0
2.408930915592498,2.119100096011019,0.0
1.9723237259888051,1.868031325703656,0.0
-1.4291760272619491,-1.3629224862424079,0.0
-1.2441803250578407,-1.1467658763695057,0.0
-2.1394908026515154,-1.735083108262521,0.0
-1.9282680359643098,-1.5565187169207675,0.0
3.248600195793504,0.877339175814299,0.0
1.9219880545013563,2.524546593960005,0.0
0.7235050920829607,2.3268092977201804,0.0
-2.1712460951252215,-2.49971500828076,0.0
-2.393234207535613,-2.5882365771805413,0.0
-2.0572435227946,-1.8741848755900548,0.0
-2.056221878009644,-1.5510679133984393,0.0
1.9707067244330696,1.8412284530349003,0.0
2.933779480213285,2.4530223291376925,0.0
-1.5460479591811578,-2.54661309122986,0.0
-1.5938332053290845,-1.7268640665281172,0.0
-2.0220224486879705,-1.020218997397116,0.0
-2.8541603959338415,-1.1850088779960886,0.0
2.0491889534077377,2.1907081271045854,0.0
2.3215272726696465,2.2941124645589683,0.0
-1.1571038486703482,-2.82402310318309,0.0
2.0198833672932475,1.2165026445691987,0.0
0.8556899799927358,2.1257422075107684,0.0
3.0747872674336434,1.9548780751671246,0.0
1.9859088858306726,2.2141659352652088,0.0
-1.9440638015518508,-2.3378515716858255,0.0
-1.41108524764717,-3.15258342752176,0.0
2.07097658166039,1.8403357914274525,0.0
-1.9794588869280603,-1.7032670401983805,0.0
1.4969815710398042,1.5892250871984337,0.0
2.4632791504835483,2.279040940309333,0.0
2.264471809208291,2.123073894342422,0.0
-1.8524621083490689,-2.5493842283336496,0.0
1.701842980774746,1.9737163518652268,0.0
1.6401978057241036,1.5935035057229614,0.0
-2.249105809293055,-2.2157071705523426,0.0
-1.5124307947106859,-2.6646682846671337,0.0
-1.8481717632368608,-1.4830215065936083,0.0
2.0833367476862645,2.317515718446053,0.0
-2.192358926046777,-1.7194985557511813,0.0
-1.924590896833703,-2.127735393093885,0.0
2.185412500640551,2.071030902593618,0.0
-1.1978368402921795,-1.895965235185018,0.0
-2.8998855907333723,-2.5523450736028046,0.0
-1.5017459744665465,-2.274068733894585,0.0
2.6106924797295994,1.9035790857280177,0.0
-2.8616141253581615,-1.1012303064370477,0.0
3.007030077459234,1.8466171119864978,0.0
-3.186096935756508,-2.6908725047474924,0.0
-2.8156097538267666,-2.150736157430847,0.0
1.4452612231819275,1.7262409496602842,0.0
-2.1962836289825765,-2.5461089706703115,0.0
-2.6144475984674447,-1.5558029452137982,0.0
-2.240696312023817,-1.3014673493431288,0.0
2.6740178902123595,2.4538493989939494,0.0
2.0796252341868513,1.0207255224317306,0.0
-2.0459055150672265,-1.6743949960252356,0.0
2.5106123715835817,2.354347636555213,0.0
-2.140787715400051,-2.294693350989285,0.0
-2.5091396627834257,-2.327285067498792,0.0
-3.4160059349544936,-2.54171333013214,0.0
1.4213223704045732,1.8438538744371533,0.0
2.365829463515196,1.9672558124277586,0.0
-2.506228576371903,-1.3747150837282827,0.0
2.022879258650723,1.906408074987083,0.0
-2.0067257346786946,-1.5922640153799699,0.0
2.4618982801569733,1.9337159926731409,0.0
-1.016135158928477,-1.7761583921286719,0.0
1.6700286474488313,2.1065085837149438,0.0
1.6098477967492304,2.1355563982233576,0.0
-2.1429795757425865,-1.2515445032395864,0.0
2.2112901861364413,2.2737402860523326,0.0
-2.9529089373999637,-2.2840428601435967,0.0
-2.3865962551117192,-2.7449665041107463,0.0
2.4002824017154984,2.0391300875808307,0.0
2.9333415741658135,2.378734165030702,0.0
-1.0486909008150844,-2.3878320539699853,0.0
2.3599918650715828,1.4485468935223151,0.0
2.220516453636576,2.08939643286659,0.0
-1.530584136803112,-3.3581401546087872,0.0
-2.684929750976471,-1.6102697343704693,0.0
1.574135401373205,2.91136180006398,0.0
1.598429306329186,1.7678311542822542,0.0
-1.8563713437666036,-2.0014380513295005,0.0
-1.9239115122058668,-2.187063160132153,0.0
1.9878369378005323,1.6309845453971556,0.0
2.169112736842558,2.3258906308503082,0.0
2.1264017527095773,1.7959926454800517,0.0
1.5305092136611074,2.508510495706622,0.0
-2.022299696362787,-1.8699335475306162,0.0
2.0709033195767272,2.9167176809078392,0.0
2.2131293653890505,2.3384540175151227,0.0
2.352055511070791,1.2521602418714919,0.0
-2.0250537293951463,-1.7841830735943884,0.0
-2.5455164886883566,-2.0634279364813066,0.0
2.7055860319448057,2.3929019134155864,0.0
-2.5469475283672027,-1.89710159813296,0.0
1.5801837764134044,1.3158774523308048,0.0
-2.082729632117845,-1.4033794320158939,0.0
-1.4102900093986772,-1.5816820064211252,0.0
-2.166895480176782,-2.0100645519387688,0.0
1.915892888616463,2.1889550508692377,0.0
1.6717681625142342,0.5827227473626488,0.0
-2.697339820796338,-1.813412640873711,0.0
-2.3259282499652953,-2.887372407594325,0.0
-1.2033631920249865,-1.715638800439764,0.0
2.5697003422716502,1.3825870898231738,0.0
-1.2266640808937903,-1.8927969933695088,0.0
2.065955877893706,1.00971720446553,0.0
-1.6081277531626361,-1.0493299740759436,0.0
2.711491748258053,2.19804329247828,0.0
-1.84871949885579,-1.453830561984601,0.0
2.1077765268943423,2.28400367961321,0.0
2.1136729750717405,2.8071247736401137,0.0
2.471523043661259,0.6301614164052218,0.0
-2.6481801941377148,-2.0465120722221117,0.0
-2.9717284256434113,-1.7458504072030134,0.0
2.2526934692886713,2.1796245782567283,0.0
-2.7653081221993085,-1.8361884103826094,0.0
2.4550894540462957,2.158609107595651,0.0
1.9188907762116545,2.384715089088652,0.0
1.7795386838537044,1.8598222524077455,0.0
-2.1651189466322722,-2.417403581767254,0.0
1.572379771374568,2.628609825414497,0.0
-2.2593393436442963,-2.1416988872281264,0.0
-1.6613770417918148,-2.0159555378170704,0.0
-2.0940448690248252,-2.5178738630976065,0.0
1.7451739091241731,1.7809628491944067,0.0
1.7042986660959447,2.562209592255184,0.0
2.098983644972484,2.5409676092386326,0.0
1.5717253458828953,1.2292063001641063,0.0
-2.4707728376578575,-1.8726422316531084,0.0
-2.6640023136490547,-1.8842666201033949,0.0
1.3097846238463653,1.7320427191669192,0.0
-2.2608482624739077,-1.6111963593288798,0.0
1.9483936242691462,1.4743048006699677,0.0
-1.55364592356315,-2.236802028481829,0.0
2.377870144447271,1.730433681623505,0.0
2.0275856773901157,2.149488728059509,0.0
0.8179130914294099,2.0101670908526215,0.0
1.571148688476553,2.0677273315949902,0.0
2.298453240623977,1.5063566532711739,0.0
-2.419564701421107,-1.5049393080604032,0.0
0.6704138810016296,2.3031597621796904,0.0
2.5893897855798254,1.9100375820938245,0.0
-1.3885176190395807,-2.165654318014751,0.0
1.4025065973656698,1.7497951663478681,0.0
-2.230946907677142,-2.3132451115745436,0.0
2.120601982109476,2.563891815063901,0.0
1.9574421987402972,1.7178494833489197,0.0
1.7968484347774687,1.5679775044488151,0.0
-1.8444377769531732,-2.53918054540839,0.0
2.5906893006441427,1.6840481209974163,0.0
2.692630773361115,1.8484508732879636,0.0
2.0190590000897,1.710540930028396,0.0
-1.511981237315537,-2.7784669662546304,0.0
-2.207500835554812,-2.4265643124308207,0.0
1.3910307442034244,1.8475181810727899,0.0
-1.9989624890403168,-1.4865997105745161,0.0
2.2011708205887746,1.6575949545298434,0.0
2.434481743448398,2.138435952923064,0.0
2.410160898630711,2.6799742708397423,0.0
-3.5584282957995628,-1.677773983294479,0.0
-2.1281163489977195,-1.5711690449387739,0.0
2.009395895887129,1.7031112761106662,0.0
1.1014176923021908,1.5988734141345946,0.0
1.515958941167711,2.2385340461784327,0.0
-0.5354518791180694,-1.8885708384482567,0.0
-1.365117624842848,-2.354927091073052,0.0
-2.3129715574842287,-1.7638360569071314,0.0
1.1967801552750836,1.3134732319790356,0.0
0.939411777548782,1.0805766981207507,0.0
-1.3536769894937657,-1.242558853053497,0.0
-2.453732990710149,-2.0962021038979533,0.0
-2.681470473604005,-2.395878257821732,0.0
-3.0097700426933605,-2.4921045011364242,0.0
2.305963596365579,1.3292516372084786,0.0
1.618942744038751,1.5561099316820324,0.0
2.6480749337639415,2.3082296563130775,0.0
1.844556914150764,2.0487000831343916,0.0
1.3201096372480932,1.9792995942210163,0.0
-1.9214652685710958,-2.490229622781078,0.0
2.0372932032717768,1.4614504652980025,0.0
1.6475393237462774,2.339987422122551,0.0
1.6539750761078045,2.768188527122899,0.0
-1.843683018493007,-2.096731941395174,0.0
-2.3811807683638047,-2.7234701673779043,0.0
1.4174250796083219,2.4504132434770938,0.0
1.8965481619180142,2.440089456040391,0.0
-1.8818872552158583,-2.3762911421683994,0.0
-3.074059239115449,-2.5165823876456836,0.0
-1.2345338244855877,-1.9537761322650957,0.0
1.8172244550069814,2.469046270452823,0.0
-3.1566009668485338,-2.158070787874858,0.0
-2.700128104063971,-1.9126599535509157,0.0
1.7662534131710732,1.5687533501376332,0.0
1.2740472352841263,2.1911013938926467,0.0
1.8496080617619866,1.669695703011504,0.0
-1.9780022442780056,-2.158731108580036,0.0
1.6859562201792104,1.759486440769606,0.0
-2.9365598311830032,-1.2145176456621045,0.0
2.271305391749398,2.3579694467184957,0.0
-1.6496599454531538,-1.6516746728318676,0.0
1.5310598844242742,2.2165539765756717,0.0
-2.27539971285342,-1.603979250788513,0.0
-2.4665389204470505,-2.119388158422616,0.0
1.9658791973376843,2.8566713608246834,0.0
-1.6332025658853153,-0.9940678684367192,0.0
-1.5684914234244542,-2.294848897849662,0.0
1.180596346438911,1.6333435962081673,0.0
2.65433437617609,1.9871007208727565,0.0
2.217403978865579,2.270047230262403,0.0
-1.9488320765828901,-2.1120461835314646,0.0
1.7992212277503281,1.7657619776601385,0.0
1.7601720929960263,2.3101791491717565,0.0
1.6699718399329586,2.087909476648014,0.0
2.2177730796478268,1.7003878612701402,0.0
-2.2612892707659733,-2.153565860079342,0.0
1.6217532355596258,2.1507570286983833,0.0
1.4978386438926932,1.500904135884068,0.0
2.234192617138526,2.8679394988428566,0.0
1.5604196855824626,1.8844491962035017,0.0
-1.556853402689266,-2.0276294978648264,0.0
-1.8341548272274255,-2.082814391646573,0.0
-1.9367155992346126,-1.6034964646512864,0.0
-2.8067115057494014,-1.7676788005669681,0.0
-0.34671282544471915,-2.7550998219890706,0.0
-2.0868041178596908,-1.5508796887981922,0.0
2.320065763048796,1.191521977844583,0.0
1.277529900463314,1.394728502938324,0.0
2.442593770604464,2.7368824075692024,0.0
1.4261945275784322,1.8209429622600717,0.0
-2.434538792999956,-2.2291145768512415,0.0
2.057573936570046,1.8104262185600386,0.0
1.276732650218306,2.4001489746700138,0.0
-2.5822242269352325,-2.639256920260343,0.0
1.7445974312155634,1.409683907938794,0.0
-1.2566087629571845,-1.9786101400582166,0.0
2.091669599628801,2.8354715163944286,0.0
-1.6828066634054744,-1.185362115020569,0.0
0.9424719924060962,2.70268271936221,0.0
-2.3988513799702087,-1.7653138873306249,0.0
1.1976307350695063,2.729357374837997,0.0
1.7824232241391813,2.9246318642396707,0.0
-1.4305130946668674,-1.5085793900913052,0.0
2.0126928022032295,2.3051958821527063,0.0
-2.2705233909598355,-2.0457188656247554,0.0
-1.4729110455305388,-1.5245831514981,0.0
-1.3711278912519809,-3.0433174897102715,0.0
0.6113204272862833,2.5758669873903997,0.0
-1.6364125649897818,-2.0194526533319035,0.0
1.6785237233235548,2.0750576135030645,0.0
2.904065905289488,2.2183192373146463,0.0
-2.002963702916616,-1.3169699657983343,0.0
-1.8958834146444967,-2.759434329578765,0.0
-2.0642937751581805,-1.7722900045315952,0.0
-2.3126229612785867,-2.368245585752874,0.0
2.514467746297427,1.9638564962199976,0.0
2.4712340596101967,1.8662026268823262,0.0
-2.2624697114569994,-1.8627915023589956,0.0
2.2384491844611114,2.074224790690039,0.0
2.3853365272316718,1.9347801331083363,0.0
-2.171708932041296,-2.4236050889792646,0.0
2.333191541015957,1.7696401063057234,0.0
-2.8163473830754464,-1.6331382560724972,0.0
1.610908239271939,2.8683874784883554,0.0
-2.134940566784982,-1.3664345296899643,0.0
2.1074827953130466,2.048609616001459,0.0
-1.4636819763705633,-2.5692839351577383,0.0
1.7271440129911089,1.0577070775102762,0.0
-2.093345461057305,-2.571820697920925,0.0
1.662833669671312,2.0159152791371757,0.0
-2.0404058064718704,-2.3519295179952233,0.0
-1.8371001931796873,-1.9376152394783939,0.0
2.4659241870571518,2.169982491900631,0.0
-2.404358765989767,-2.552061992899631,0.0
-1.7776093187963748,-1.4888038387789653,0.0
-2.5292859488026838,-2.25450291929566,0.0
2.0247474908250456,2.246918388140478,0.0
-2.0533263368301125,-2.2466071935552487,0.0
-2.5045620156069432,-2.682776363460436,0.0
-1.6094163669088772,-2.437840913610275,0.0
1.2296014927776877,2.031630997100166,0.0
2.091962747170155,1.8072551198121958,0.0
1.0538190533413294,1.9110934281484937,0.0
2.3439406955873774,2.0249286332999112,0.0
1.6527160701343173,1.9251827298361646,0.0
-1.7959626753269156,-2.8150013255118544,0.0
2.1076202338198056,1.4968172391607248,0.0
2.548173422832899,1.8828920993277318,0.0
-2.06531019799756,-1.2996554827784994,0.0
1.4784352509823222,1.5714609056644178,0.0
-1.1866752188492091,-2.1057191454227784,0.0
-2.4603131865084347,-1.5390325978877113,0.0
-2.5490489801812792,-1.743866636587009,0.0
-2.125828179473198,-2.2934513225900006,0.0
-1.7466654869858058,-2.311112735877528,0.0
-2.697420096417322,-1.6022252241152966,0.0
2.0185028609550746,2.383951203866352,0.0
-2.170280017468931,-2.6516100413392074,0.0
1.32579345612194,2.632491664928128,0.0
-1.858660775417615,-2.5462704071955686,0.0
1.1849008265169778,2.2313911277628873,0.0
-2.033057612976602,-2.2112493584127173,0.0
2.830303779947257,1.2916982587871797,0.0
-1.6491083139414855,-1.9633572839961773,0.0
-1.8738646096939373,-0.8571994092359667,0.0
-2.0318307443947745,-2.789965264835562,0.0
1.8887614948785398,1.5705400460961643,0.0
2.1423952995671818,1.8453112035583192,0.0
-1.8498578381895994,-0.9446957332059904,0.0
3.191572387431971,2.472239743495207,0.0
2.1033452558540016,2.26552125348903,0.0
-2.087146067033201,-2.5778962394816016,0.0
-1.968051904174911,-2.8036600796170292,0.0
-2.2155481687553786,-1.713624316571392,0.0
1.5409976150904772,2.126248313538436,0.0
1.155884986114284,1.9437670087202237,0.0
-1.5802546638411976,-2.086964965152578,0.0
-1.8521104557465564,-1.5787056017715098,0.0
-0.09916989251644237,-0.8424146829970276,0.0
-1.9489108365280146,-1.7475026391099944,0.0
-1.3355196262233884,-1.8910483064391654,0.0
-1.441504720292325,-2.136777888953915,0.0
-1.3396028069360426,-2.6460006255235635,0.0
-2.219791775239747,-2.718270679634589,0.0
2.551846978731075,2.200265342299353,0.0
-1.88226773730729,-1.943846155786365,0.0
1.5982951679130795,1.6552251111248997,0.0
-1.9799642717261123,-2.1638774586482086,0.0
-1.9379408561330864,-1.0814596560661278,0.0
-1.8626763981937777,-2.301810218009545,0.0
1.8367195111603962,1.995895058865193,0.0
3.3481120262817896,1.9630376668597924,0.0
1.4973440638255706,2.0507035733341055,0.0
1.9331492201657805,2.5388719029881313,0.0
2.3866264887013,1.4080596799033411,0.0
1.8720211653928658,1.8259768101786902,0.0
-1.433997433161335,-2.280490501565878,0.0
3.297212293884076,1.7979838530745313,0.0
1.4269997867462783,2.0235330473292468,0.0
1.7646287509086365,2.1363981947651323,0.0
1.6302185018043434,2.771507297703368,0.0
3.129654475345426,1.9788714241696788,0.0
-1.7515534275807652,-2.3325208090793454,0.0
-2.3379458470005083,-2.206608514175904,0.0
2.6049250632051524,1.2969476143044947,0.0
-1.9661828849665401,-2.2315108770545256,0.0
-2.1643638463683037,-1.668017462236889,0.0
-2.8426910524356135,-1.8484944747719214,0.0
2.37699573348924,2.532657746048997,0.0
-1.8008519569012538,-2.627887440870751,0.0
0.5988986008041435,1.4057877892084902,0.0
1.472685768007493,2.4101239186623404,0.0
1.287969545508734,1.753340058318903,0.0
-2.088568691657662,-2.445364591530748,0.0
-1.6230671582188496,-2.4440941055427565,0.0
1.6222686368171833,1.3993992404913054,0.0
2.941575348528127,1.3261204694287767,0.0
2.2286548233604058,2.481170872407173,0.0
-2.094224541065034,-2.5879174939691145,0.0
2.5059212164970948,1.6710244776194156,0.0
-2.629893671702635,-1.9856897479061086,0.0
-1.8773720732782901,-1.561247468581783,0.0
1.9758276881100902,1.6959493715241551,0.0
-2.2375875529146243,-1.3635231255400446,0.0
-2.225140917406565,-2.7096170404073354,0.0
-1.7145250800769398,-1.4638496763559543,0.0
-1.2511424863402183,-1.7173663987317744,0.0
-1.8676306211221463,-2.830924183609125,0.0
1.3338941727027491,1.0156876551069898,0.0
-2.3886140210775673,-2.150001788468898,0.0
1.4365870956216282,1.6346611235675876,0.0
-1.9957225369968445,-2.5085081008124064,0.0
-1.8706012163296957,-1.4798805178752206,0.0
1.5820719662591893,1.528953205563442,0.0
-2.640403357074498,-1.1691740694076147,0.0
-2.1989560492954205,-1.6087105595790112,0.0
-2.0886233080946996,-2.18977706032293,0.0
2.1597159166657653,1.9311103928571147,0.0
-1.9948710915202943,-1.0992753956899226,0.0
1.7730979794739994,2.2016322700816233,0.0
2.077334416823166,2.520784194409291,0.0
-2.13896998363414,-1.318128703586329,0.0
2.0563689706178687,2.3286338451523885,0.0
1.6354776706026521,2.0982787003643923,0.0
-1.7437188842869389,-2.1795582975329424,0.0
2.425265341761719,1.5804379047003632,0.0
2.6854945031455606,1.7450783789307605,0.0
1.32603728868544,1.6192133058717206,0.0
2.321657232531464,1.2146882956832736,0.0
-2.926171328347518,-2.3566634951960386,0.0
2.473625983886874,1.922494953454583,0.0
1.5144477147777577,2.1574086022579118,0.0
-2.8593249383060475,-2.5284783839726073,0.0
1.8615885026130559,2.5619526528072196,0.0
-1.257537200650023,-3.0619450090227796,0.0
1.613614058510899,2.441028299681505,0.0
2.5498297979435565,2.327631865361299,0.0
-1.9051486939600022,-1.1487149238791043,0.0
-2.824608487208566,-1.3007189539372321,0.0
2.410792856024898,2.0026463231496803,0.0
2.2402122480588935,1.5159069680464476,0.0
-1.7666246747907823,-1.9194468388791608,0.0
3.081617974640345,2.668263974718196,0.0
-1.530707431875116,-2.509625574752565,0.0
-1.4129690730958506,-1.734434313335401,0.0
-2.6246692574307713,-2.3548925500597497,0.0
-2.2681350720433926,-1.3950813889079512,0.0
-1.6280999231170088,-1.703925454609133,0.0
-2.9568713354307534,-1.6682192117043093,0.0
2.366212004877438,1.8123887996196637,0.0
-1.4297557879064549,-1.9135876622798234,0.0
-3.5032493575036634,-2.0235829338266207,0.0
2.3126157255135937,1.198971172196626,0.0
-2.381557897672518,-1.2407585371101395,0.0
1.0849857247860948,1.6520824403252263,0.0
1.5336054792467808,2.6216596922275777,0.0
-2.2167771663665836,-1.9810019932732426,0.0
1.845493515476439,1.1619980968350117,0.0
-2.059293311775046,-1.7558147047851713,0.0
-1.6030598188458098,-2.3496076395434873,0.0
1.966362195538509,1.340802065177633,0.0
-1.7041365124242158,-2.2381122181573345,0.0
-1.6165047747202244,-2.5130036258128907,0.0
2.0225829279694154,2.9296731669258143,0.0
-1.5704479036072347,-2.4048132880200566,0.0
-2.527979679534478,-1.7095337055730826,0.0
2.439694970956685,2.3177122632769978,0.0
-2.633171338481477,-2.030747382142443,0.0
1.8038055009251817,0.4769284726000367,0.0
1.6579945511313916,2.8297753980949363,0.0
2.4862678945712684,3.0669341236022687,0.0
2.4747104034628804,2.0437756206925957,0.0
2.815798713766136,2.188879584865359,0.0
1.968973437100833,2.629583564805407,0.0
1.5824036549042584,1.5266297945214053,0.0
1.2042760622709843,2.001611108221578,0.0
2.0413055160781006,1.5892327414902363,0.0
2.9247956233398185,1.892916671899958,0.0
-1.9949072406439632,-0.9008518306647537,0.0
1.5349217487378395,1.9107054539563355,0.0
-1.791073148391337,-2.0200093626758164,0.0
2.176408303247189,1.9236127882272958,0.0
2.080779633619084,2.7817023725144647,0.0
-1.2123465611338977,-1.5754423942647775,0.0
2.0133691913373184,2.091725126790788,0.0
-1.8799715353516406,-1.9499202959546882,0.0
2.1837724480111347,2.0951557787969697,0.0
2.2405575631944177,3.3796775570107913,0.0
2.349568076859347,1.850620199715032,0.0
-1.8054989296732604,-2.1697271607323896,0.0
-2.0689498494493535,-2.7501766380821646,0.0
-2.8098422826863505,-1.7136864913974572,0.0
-2.6152730228226932,-2.2534533074184155,0.0
-1.5780055433210523,-1.828511731066532,0.0
-1.5951296345927763,-1.4600343914287321,0.0
-1.7192750452244367,-2.6297980843998605,0.0
-1.001616999226107,-1.4734000509589444,0.0
2.383331590822543,2.1781464087361444,0.0
-3.176820199845207,-2.502572215478336,0.0
2.029947341558138,1.8937384776148454,0.0
-1.7501765224440171,-2.6093419149885984,0.0
1.5512995365490847,2.656235183570498,0.0
1.9046732532093003,1.8025752429832749,0.0
-2.1817188900580256,-1.6104743899335041,0.0
2.519548220189196,2.2395476120491145,0.0
1.521420950862295,2.5069860770560806,0.0
-1.7491001230961805,-2.0280497366704515,0.0
-2.785875368746591,-2.0139241902533564,0.0
1.638035647970699,1.440185883159773,0.0
2.1945469844328604,2.585520532310244,0.0
-2.715067603711966,-1.333597332321256,0.0
1.6372013107682077,1.3083180223024722,0.0
-1.8885470901878634,-3.0786781867472306,0.0
-1.2890122203537677,-1.7718183182596072,0.0
2.2882954083074702,1.8958506222110025,0.0
2.4317598291906575,1.5976231296810655,0.0
1.823003044373258,1.3125243532909905,0.0
-2.391749631993238,-1.946240484167285,0.0
-2.0250413207322677,-2.421807803267963,0.0
2.375973293838598,2.2814948592930637,0.0
-2.6067618013772402,-2.6014441622580016,0.0
-2.4118066382291974,-2.3973530587986085,0.0
-2.1500033295058785,-1.5622454234293084,0.0
-2.204227715837054,-1.4477227892639757,0.0
1.6047384890834615,1.5463499392373365,0.0
-1.9912421933608908,-1.8381871176954407,0.0
-2.3408727618539587,-2.3055329572475673,0.0
2.077473712848458,2.1890812598010867,0.0
-2.4624465365502335,-1.8352387789152322,0.0
-1.896332976977155,-1.620421662445883,0.0
-2.3263807246743564,-2.7294703652986625,0.0
2.0782381284731493,1.891828010852137,0.0
-2.4180556897503847,-1.6788945283352872,0.0
-1.9917542565095678,-2.610888167347386,0.0
-2.907944422258912,-1.6244502011027315,0.0
1.134861969224957,2.2943712034037533,0.0
1.988288447489274,2.5395973640562444,0.0
-2.310964079119473,-1.9181147768476927,0.0
2.1595592000431414,2.1536323902527954,0.0
1.8192003596091901,2.5322925680639257,0.0
1.4111855187586846,1.429901849532519,0.0
2.1041374890384303,2.4883195182418563,0.0
2.010531010671032,2.049727228515356,0.0
-2.189089023446495,-1.5735554513655614,0.0
1.1785173532346955,1.796964101870084,0.0
-1.923355765433788,-1.652935645931057,0.0
-1.564367865192737,-1.6697145959792106,0.0
1.5561071261849437,1.0096017658880365,0.0
-2.503279532397119,-3.071654032619344,0.0
2.302560042041083,2.447777992775662,0.0
2.3931639810544882,1.7667904516320285,0.0
2.2331897871909896,1.9528037467944075,0.0
-1.9475860985863926,-2.496628608718776,0.0
-2.3144903537956343,-1.4649637439645113,0.0
-1.8287863243565863,-2.111713056097348,0.0
-1.929594674060882,-1.7632558691667688,0.0
1.1593908922527834,1.555514320952275,0.0
-2.2298132211347195,-1.9982083970227082,0.0
1.7509837746538475,2.964766026908493,0.0
1.8176532278041573,2.078351927636182,0.0
-1.640165914731334,-2.124209653352519,0.0
-1.99791250045875,-2.7417457766840005,0.0
-1.7070745970910322,-1.4318059612301304,0.0
-0.5592696434180182,-2.2969309576913437,0.0
1.6518366730694587,1.8548014495980667,0.0
-1.9644955974059852,-2.246765925247518,0.0
-1.3318069088386033,-2.060020561048054,0.0
1.9949717640654927,2.61900346797922,0.0
-1.7516924007580743,-1.4939334050888453,0.0
-2.1887734595296444,-1.5726786356437756,0.0
-2.0713438560367323,-2.613818210205204,0.0
1.9925711483226487,2.4107029685124055,0.0
-1.8383217342598708,-2.6846955620235784,0.0
-1.9300867011161742,-1.1305713959946218,0.0
-1.6652188297454587,-1.4977904038691876,0.0
-2.1004537666004635,-1.9387343411733493,0.0
-2.1011906068595363,-2.704592390778082,0.0
1.8023855086728229,1.4202897418000435,0.0
1.8065645765746767,1.7448536301831856,0.0
-2.418385521326494,-1.1936357026239566,0.0
1.3467365741323416,2.829065339809094,0.0
2.7441260968977996,2.9479445880152917,0.0
2.1921617026056226,2.504855927405857,0.0
1.6764732368086204,2.0856217725761064,0.0
0.9940598403776455,2.294851802787362,0.0
3.085582474659083,2.331037144499853,0.0
-2.3130291359449116,-2.6650972061622475,0.0
1.7876683487835672,1.5850177012310191,0.0
1.5518151387239099,1.018633995429624,0.0
-1.388561276473295,-3.0432550144275936,0.0
-1.6749790134746152,-2.182084904457878,0.0
1.9478282542526537,1.5059990287531329,0.0
2.0957254360119557,2.4402555995885553,0.0
2.2892607488644394,2.174827228496587,0.0
-2.1041425515474983,-1.212814381262214,0.0
1.900800551589977,2.047096150155073,0.0
-1.7215158415796854,-2.8681209021500758,0.0
-1.2720960240815784,-1.9722538872780986,0.0
1.8075600954093622,2.047175794658537,0.0
-1.6855002062715891,-1.8429830781764271,0.0
-1.051908885683428,-2.3998930691928853,0.0
-1.7775732809067457,-2.001881408572512,0.0
-1.5263878643531361,-2.0146472017874597,0.0
1.8497606072072887,1.822485634472313,0.0
2.3857029743384226,2.514719414391384,0.0
-1.9352535820293066,-3.041617250956474,0.0
1.2970185418660503,1.70497117706523,0.0
-2.660262673414016,-1.7504578621641167,0.0
-1.7902379457869293,-1.5377829890207453,0.0
-1.101540738712536,-2.1021694684515237,0.0
1.660203478727928,1.7178410451587556,0.0
1.2087527610091207,3.1218009472913204,0.0
-2.5657696210100744,-2.1481158271991037,0.0
1.705385506744925,1.7757674968979704,0.0
2.260532438226379,1.7121060150934668,0.0
-2.1906449349041477,-2.6244744665364372,0.0
2.2033285437334404,2.600848927833753,0.0
1.700673031538507,1.4420515070198028,0.0
-1.2900680139017822,-2.4825533040322085,0.0
1.7984115265134102,2.6112225351912137,0.0
2.632538919044383,2.105748506365939,0.0
-1.7527772784691054,-1.6193044162519465,0.0
2.195182471754311,2.7942653455487663,0.0
-2.1161470035932988,-1.6355350663073804,0.0
-2.403777020774933,-2.3710760808251923,0.0
2.3040782138003206,2.557481161473701,0.0
-1.5672374046643687,-1.3629777310264577,0.0
-2.180836228677176,-0.9231402460801752,0.0
-1.465103804070517,-1.202297915711905,0.0
2.112126110482841,1.1606558185856717,0.0
-1.411606518808068,-2.1462971035790455,0.0
1.4772377214652672,1.4575719702692775,0.0
2.4345031714093803,2.092090632351773,0.0
-2.0182986464581236,-2.042111648263697,0.0
-1.6641917139820452,-2.487083717521495,0.0
-2.021300964245518,-1.8058555930158786,0.0
-2.1655053017008727,-1.7748555846763279,0.0
-2.437577374456958,-2.296760158673763,0.0
2.003808749159079,2.4434323432913807,0.0
1.7462411991713216,1.474059948724163,0.0
-1.6750851826600106,-1.78260559726948,0.0
-1.8308422303871703,-1.2766039630398387,0.0
-2.103487237461832,-2.2816546796319574,0.0
-3.359839682161307,-2.5483008735463595,0.0
1.5693871574726488,2.955032476549517,0.0
-2.154401454672625,-1.9006635149251676,0.0
-2.418052802185715,-1.8344537892558008,0.0
1.3174185613874156,2.9735493214101787,0.0
1.5220274997536114,1.8270091121503067,0.0
3.2256148595375382,1.89439700818424,0.0
-2.2478977472726047,-1.3917111431285298,0.0
-2.033972560195249,-0.8198857071732928,0.0
-2.041171823395676,-2.239811507536903,0.0
2.2716559456937597,2.2195214788360214,0.0
-2.57620786447975,-1.5558840049756109,0.0
-1.915061020101538,-1.9545870364818374,0.0
-2.3258281045288904,-1.7475922718297492,0.0
2.199523172820065,0.6137036217866749,0.0
1.538043992094999,2.7060758491493155,0.0
2.382248726516767,1.8658136323953094,0.0
1.8541790068240778,1.1294885958205492,0.0
2.25116412003739,1.5688665001233817,0.0
-2.3669083630130894,-2.2662188294994747,0.0
-2.5499854037846537,-2.202176109812,0.0
-2.277563172747225,-2.0862411585534804,0.0
-2.101807509439694,-1.7858538696530943,0.0
-2.134004891699056,-2.2483041048647587,0.0
2.3013538282146646,1.7026751151397974,0.0
-2.0078896085604976,-2.2458650540067637,0.0
1.6764092840761196,2.2361235750439246,0.0
-1.6996973991334619,-2.006625133967013,0.0
-1.4084402213341465,-1.6405514172358542,0.0
1.6874863046576642,1.804803653007246,0.0
-1.2381144011914733,-2.0286405998952577,0.0
0.9526984643969276,2.061860957116753,0.0
2.078253268982688,2.1160905181001377,0.0
1.8886971595258397,1.5434603909791018,0.0
2.5491517703662563,1.931080410701953,0.0
2.1355850923186557,1.5992515573028125,0.0
-2.928741635797269,-1.8087009316382685,0.0
-2.703229827551816,-2.0874116858088834,0.0
1.7682020126769529,2.240740736886731,0.0
2.096431977775193,1.421491359592066,0.0
1.6038566690969276,1.7341970459942726,0.0
-2.7134688427134956,-2.4662851149485068,0.0
1.527815754587853,2.119051573916156,0.0
-1.6653037643037294,-1.6306964855035897,0.0
-2.1670314741816856,-1.5461706875266175,0.0
2.1585803131463446,2.260020307285434,0.0
-2.416093017075031,-1.9138304303854057,0.0
-2.0075025435156824,-2.056705815321367,0.0
1.738690291800761,2.521488797323188,0.0
-1.9567737379962034,-1.876146810766588,0.0
1.9151208530487573,1.93293360861579,0.0
-2.7929262875900123,-1.484340447821687,0.0
-2.5908156574564645,-2.167545650175893,0.0
1.5932020014527466,1.7391792450146906,0.0
2.8873292804866666,1.8034234026229436,0.0
-2.6062578722444547,-2.0402992580750627,0.0
-1.2447376340083622,-2.2857392075260496,0.0
-1.2992382919973773,-1.9207830766072342,0.0
1.9634401770259013,1.35131017202163,0.0
2.096606776616848,2.6486710445464454,0.0
-1.4109053177592012,-2.610058578465776,0.0
2.344909082267394,2.650923114782499,0.0
3.160399919640149,2.058545436077721,0.0
-2.3105413488506885,-1.1327139125381454,0.0
1.6251548276485517,2.0164043738068558,0.0
2.1980033563308226,1.453469245634747,0.0
-1.9300057663065704,-2.1720228144248126,0.0
-1.2934572315673667,-1.2465098207207352,0.0
1.9789142743547106,1.8565564038050462,0.0
2.766389607179229,2.7346793849501427,0.0
-2.3834815175116644,-1.4119698617731018,0.0
1.343575162725104,2.7074370679612114,0.0
-1.6482072226783058,-1.5354274261156544,0.0
-1.222442983970466,-1.6933368868356493,0.0
-1.3787530435907644,-2.6071086406796695,0.0
-1.5987805449078032,-1.8554970538023168,0.0
-2.030181247196169,-2.3555202983955557,0.0
2.0094610519410976,1.958982923427258,0.0
1.8803517044288278,1.876603221105624,0.0
-1.8950965345495445,-2.3288290019123874,0.0
1.496584123850508,2.840788358133664,0.0
1.6560811944856588,1.3929612984529398,0.0
2.261638330265877,1.914226834388876,0.0
2.385895275606834,2.4117520769818657,0.0
1.4055703711079857,1.7465918228506563,0.0
-1.8038128361704373,-2.32724325259248,0.0
-2.0470312251813017,-1.8012173921912669,0.0
2.3468865763450664,1.9202132809268666,0.0
1.7720873261003156,2.7130793760096332,0.0
-1.4413582671559049,-2.7819523174198832,0.0
2.2315651646593038,2.1395478821962266,0.0
-1.5058797131286514,-2.2569514751399575,0.0
2.139962299521619,1.950924805178521,0.0
-2.1505473932617067,-1.7315060427718192,0.0
2.332983573034769,0.732722768957885,0.0
-1.6689973167740488,-2.1704372052847356,0.0
2.4918180978945896,1.9571925228847515,0.0
-1.9005052527974062,-1.0056340407023043,0.0
1.940917977435715,1.6599108980015749,0.0
1.8339488613255874,1.639284352214122,0.0
-2.298335427769155,-1.716470893739909,0.0
-1.8368124551365046,-1.258435686013093,0.0
-1.6506748828461224,-1.73918738637983,0.0
2.416325369732239,2.163533104560511,0.0
2.0337461286204035,2.0081690420564464,0.0
-1.993007732570362,-2.2894711756959336,0.0
-1.8985594777786892,-1.3766524295527822,0.0
3.244220807165564,2.8479847665070848,0.0
-1.6832330487697997,-2.3044075587085655,0.0
-1.2745240929839363,-2.2828906642728053,0.0
1.5336295446028112,1.3684658254488622,0.0
-2.073676832291422,-1.4700968525331128,0.0
-2.6307458733953073,-1.7429979100919684,0.0
2.270061513200247,3.1452335352652696,0.0
-2.4568278202443667,-1.091086793369462,0.0
1.9857355650827917,1.8376348674585201,0.0
-1.1513267594930254,-2.283301512318852,0.0
-2.014928060818183,-2.059085392183296,0.0
2.0165448755693802,1.5729193695928227,0.0
1.7970291364057582,2.3621842524349823,0.0
-1.6602160671174588,-2.211894124274738,0.0
-2.9120397760401833,-2.2893542564984344,0.0
-2.368592584785457,-2.339164918936985,0.0
3.0056283407315685,1.9777022867720715,0.0
-2.919088369835006,-1.6734813582967858,0.0
-1.2842161212753544,-1.2688929146097903,0.0
-2.468973797630744,-1.863135275237638,0.0
-1.527230605276447,-2.100692271641372,0.0
2.639906010314011,1.5570167589795236,0.0
1.5698687740212405,2.1641506475003776,0.0
2.04308842119006,3.09544900661992,0.0
2.458610771057928,1.9714785661689058,0.0
2.3854184802024685,2.121584107701246,0.0
-1.448858717705988,-2.3485365361800916,0.0
2.6632308211828466,1.5176967878968681,0.0
2.0996500984482327,1.974698229519167,0.0
1.5520921197945865,2.27416406524899,0.0
2.022567007716005,3.169812403010029,0.0
-1.464819991513413,-2.3600007156454046,0.0
-2.2143510327929143,-2.318920278236792,0.0
-2.224518570723483,-1.7545144724090103,0.0
1.6086854220862374,1.9448053504865561,0.0
-1.590580313700326,-1.929752046280262,0.0
1.799351097433245,1.8416723524739465,0.0
1.8279017717663093,1.8736446639791966,0.0
-1.847339622493751,-1.487917533613465,0.0
-2.140223890733727,-2.5901428031755955,0.0
1.3506566389184549,2.638037673003094,0.0
-1.7445625890537912,-1.3429227830930257,0.0
2.952531820280009,1.9926113901700777,0.0
-1.722936210836615,-2.3350629488636483,0.0
1.0784652249216757,1.7610129979797566,0.0
-1.4571013876470347,-2.690550043041479,0.0
-1.7417462778591202,-1.7953525016795222,0.0
2.2490262023414282,1.9869038813278748,0.0
2.8090271345001128,1.5877954393360827,0.0
1.6563504814216683,1.9412627267909444,0.0
-2.1225408777884276,-2.3893377363288066,0.0
1.728569261991641,2.2080250231307126,0.0
-2.8323490196944574,-1.784810557608475,0.0
-2.384424579837405,-2.5845478736610135,0.0
1.9821286332259132,2.168007871330996,0.0
-2.4281514134976256,-1.3700623342414922,0.0
1.3146200087284696,2.4328264614079265,0.0
1.9507737377872838,1.6682608568189463,0.0
-1.8468637558474081,-1.5004250749013173,0.0
-1.508836508099851,-1.4812776016345448,0.0
2.420815632036818,1.8752707099195256,0.0
-1.0453286872214456,-1.1680634377811352,0.0
-1.9240497354427384,-2.288612811799619,0.0
-2.6907058253411416,-2.3063192801842796,0.0
1.2691336558692958,1.658280116605659,0.0
-1.9347379870675299,-2.832286625483822,0.0
2.336147378506218,2.2037309181205553,0.0
-2.3853921503532827,-2.240422670436365,0.0
2.162434807898093,2.4985589903958796,0.0
-2.030068942751843,-2.433084399503736,0.0
-1.7672054045525347,-2.436079198885411,0.0
1.6738532000324904,1.7394053438494446,0.0
-1.7499916520713488,-2.715898889032519,0.0
-2.107247553244295,-1.168480521122547,0.0
-1.7115327014733879,-1.5908231345864192,0.0
-1.435138320501503,-1.8254982189549125,0.0
-1.0428851514685928,-2.832978038398859,0.0
1.9491513627225643,2.0096396922565387,0.0
2.125499058004162,2.5273789625901415,0.0
-1.332341861600705,-2.206637402668019,0.0
1.4476917012367645,1.9845318713630204,0.0
-2.6613665597608978,-2.224141399579398,0.0
1.7445369093838685,2.387364159533581,0.0
-2.8168980088263984,-1.551916403125366,0.0
-1.5840611074701607,-1.996569400730251,0.0
-2.1980615988757246,-0.8728581505975188,0.0
-1.5499728786179638,-1.0988788851047264,0.0
1.3134787245245523,1.4661289944904468,0.0
2.440565548549816,2.516494597259973,0.0
-1.7946991043399763,-1.7595150749826882,0.0
-2.392392364530314,-2.085061152375583,0.0
2.36517589518851,2.552289236785738,0.0
-2.2448625111865135,-2.139648334639186,0.0
-1.7307814998227307,-1.7583290741097142,0.0
2.2493451374549136,2.523986077984026,0.0
1.734003095294419,1.5218707887838585,0.0
1.805922903758875,1.9700359986644547,0.0
1.4941129579472556,2.0424840685188537,0.0
-2.233720504812953,-2.4300766924623316,0.0
-2.017476011193867,-3.023196568124055,0.0
-1.4562268422665527,-1.6303477334334868,0.0
-1.5288428458615166,-3.002562713326074,0.0
-1.9204041166655943,-2.4940483439843057,0.0
-2.221980004519746,-1.7908983256734416,0.0
-2.4602038160596345,-2.0801431102143138,0.0
-1.3288231543710234,-1.9010733452164235,0.0
-1.967987901046586,-1.6474594492527654,0.0
-1.3793503898420045,-2.0779489928828516,0.0
1.733755040395466,2.3225276367299386,0.0
1.7938641226977285,1.7982704082895995,0.0
1.3737033292483405,1.7068399873944338,0.0
2.0963644982498635,2.3482193366957196,0.0
1.9774433481533327,2.0395608619647674,0.0
1.9074731644953293,1.5961757561918222,0.0
-1.476006692603935,-2.0169134832861904,0.0
1.8375325208397504,1.6443468201286058,0.0
-1.427723232357721,-2.0093835277699466,0.0
2.1430062634890588,2.4892836487230214,0.0
1.221000735908302,1.7464826151173312,0.0
1.5737070764146766,2.0114798778039757,0.0
-2.370433352102036,-2.3041455750407476,0.0
-1.722476028794783,-1.672037794313749,0.0
-2.4700782959362035,-2.198261869508159,0.0
-2.45656076878441,-2.0892284074486316,0.0
-1.8506431700039956,-1.544677163885015,0.0
1.087871672031085,2.1518019522310006,0.0
1.5912534511918868,1.2993263534803448,0.0
-2.1208265813156104,-1.9206740349668785,0.0
2.088713071126876,1.799109531895869,0.0
-1.9906863146693223,-1.4728375125479611,0.0
-2.012904880795427,-2.7812043669350652,0.0
-2.0436640935288075,-2.276982370395289,0.0
1.7998255924932882,1.2638385357667552,0.0
-2.7613840452520932,-1.7215179397105564,0.0
-2.2049272692199096,-2.2266687160692586,0.0
-2.5178028656922473,-1.929166417564235,0.0
1.8878705328741798,1.848875134772465,0.0
2.0051746572831495,2.3600168796708263,0.0
-1.0193865053174922,-2.036119379335834,0.0
1.6150419627773418,2.2696245956459085,0.0
1.5137985553237512,2.67311053661115,0.0
1.5435888872779207,2.5585081440479263,0.0
-2.2768211949656156,-1.8318729898147947,0.0
1.9340456801100165,2.202380906020249,0.0
1.500575601952316,1.6299316046302432,0.0
-2.857028296360393,-1.92038289938586,0.0
-1.242908934496101,-1.884490658891362,0.0
2.7472422722456846,0.9650074874932337,0.0
2.8001339093743796,1.9055826098911082,0.0
-1.7978428283355044,-1.7478282124185027,0.0
-2.605427818971795,-2.196866855847195,0.0
1.101272097816551,1.4682835309226965,0.0
-2.3455099065876843,-3.102752677509911,0.0
-2.6501734161091695,-2.40192520201576,0.0
1.4488849045464547,1.9877252881788106,0.0
1.934946522903148,2.0469766146927846,0.0
2.558652657768332,1.740549897787574,0.0
-1.7189934470429091,-2.503954901641949,0.0
-2.500380245124375,-2.797888805720657,0.0
1.9447552974670361,1.1696500940653682,0.0
-1.3484095191757839,-1.935731841571976,0.0
2.4063370210545214,2.293629689699913,0.0
-3.1534788827228972,-1.6342037474889306,0.0
2.1483665862470565,2.4149930795405514,0.0
-1.7250715663518046,-1.9995500366644465,0.0
-1.4939158524126062,-1.30790663770959,0.0
2.270386792650195,1.0909611848082152,0.0
1.7653446318604467,2.4378478393897534,0.0
-2.7599872297929338,-2.1082664359249144,0.0
2.6822659240512357,1.6552754077250311,0.0
1.9691809739138926,1.283632255032946,0.0
1.8985515796166665,1.945058610345343,0.0
-2.045516333928903,-2.914488317647973,0.0
1.2585583212129787,1.345293926834493,0.0
1.7336486040102228,2.54537486721725,0.0
-1.9306273743549103,-2.6371596838672087,0.0
-1.549588617895485,-2.7529556757856937,0.0
-2.117269017454375,-2.431677790670891,0.0
-2.7711440753998393,-1.5689259715578663,0.0
2.103635373486809,2.153866287339716,0.0
-2.0770361992124178,-1.403194159625401,0.0
-2.277065623542243,-1.2502542549306184,0.0
2.8703147229476653,1.8532574725553113,0.0
-1.8976895532901747,-2.343050910580678,0.0
-1.8144137236754805,-2.4949112747735596,0.0
-2.5491447156623734,-1.713693323479605,0.0
-1.9522940620865665,-0.8312951692608621,0.0
-1.4267839930660775,-1.9640074025319891,0.0
-1.9456758981525732,-1.9779354506018623,0.0
1.6828389531595183,1.818629417006431,0.0
1.4998923263052175,1.2276144516111942,0.0
2.8694363387272555,2.4971971956577494,0.0
1.6476498620718831,2.4716303624847473,0.0
-1.4507091758844268,-2.0635335814192586,0.0
-1.8020118944301942,-1.094247147589877,0.0
2.4681992717762298,1.7371797034490302,0.0
2.70067241564598,1.7948091031710647,0.0
-2.5966289167370196,-1.824867040218985,0.0
1.8965276447213544,1.6609522696068766,0.0
-1.591732560113115,-1.9988074010423824,0.0
-2.113061234881978,-1.0370971312702366,0.0
-1.9970305928067487,-2.5244501857313573,0.0
-1.7834406352755334,-2.105094406898381,0.0
1.4998348255231473,2.836992853505355,0.0
-2.1716175272275517,-1.9646129620496744,0.0
-2.763815974089387,-1.5356290375965291,0.0
-2.881114448770439,-1.5847413154787013,0.0
1.1157307746614846,2.1777408963718847,0.0
-2.190867543620283,-2.0763972317010433,0.0
-1.998823367754589,-2.7513251817548947,0.0
-2.379747745214532,-2.1253783383800746,0.0
-1.9636610504481051,-2.102917012609369,0.0
-1.8399840339536344,-0.9604116676024814,0.0
1.6710369537316023,2.4844413192815256,0.0
1.7392101610033135,1.4076567047942241,0.0
2.4383633868452264,1.0865443108477413,0.0
2.4607041989052907,2.2304072385744154,0.0
2.7014223700501216,2.1679223607026565,0.0
1.791261325057483,1.4512516726148776,0.0
-1.5873138839562426,-2.149161584497917,0.0
1.670723516597498,1.7428830170300056,0.0
2.4647525557397643,2.2911122956989622,0.0
2.5295136272209833,1.4887178043696572,0.0
2.221931616372713,2.1668371636871333,0.0
2.4122786097821183,2.2655891832678474,0.0
2.4045901484265815,1.400953559904481,0.0
2.175890055340679,2.1896177667677934,0.0
-2.2526703609489425,-3.0091409341771085,0.0
-2.8480656334157715,-1.6349082344351928,0.0
-2.9026258443152106,-1.584806997329804,0.0
-2.0349282491280922,-1.8749430465584371,0.0
-2.42453643634683,-1.1852499783838357,0.0
2.3805188625734965,2.060837508246414,0.0
1.1930510762210242,1.8936298598930157,0.0
-2.2146046483232387,-1.3123872897765514,0.0
-1.6282232422458316,-1.8948203166850934,0.0
1.819443432630067,2.304481170827262,0.0
-2.7054116566901683,-1.9175436353726507,0.0
-2.800920476037259,-2.0189535305920683,0.0
-2.4306077766993206,-2.2547975664731785,0.0
2.4156755289923844,2.243986341331502,0.0
-1.9319843913128116,-2.4191555778493505,0.0
-1.6600279969420222,-3.081548824198063,0.0
-1.860401753742895,-2.188525603136389,0.0
3.151958348841971,1.4699920886392264,0.0
-2.511427520402107,-2.5753460021283234,0.0
-1.7222271984647286,-1.7802388385831007,0.0
-2.253038278039327,-2.344223069360399,0.0
-1.6781843622733308,-1.655551666696034,0.0
-2.05202440533449,-1.5593875267730344,0.0
2.335285225155455,1.6462471512447117,0.0
-1.227732817034354,-2.2068812468596493,0.0
-2.8320864925830866,-2.063284665819695,0.0
-2.7810071709146333,-1.4969464664512264,0.0
-1.7083159965893506,-1.5366976158456973,0.0
1.1837883489660084,1.966432922692739,0.0
-1.770207547582972,-1.85997106998116,0.0
2.1119217816564553,2.164811491063869,0.0
2.1882127655778145,1.4502996047079026,0.0
-1.5812260429268368,-1.0195595937430446,0.0
1.948390574103221,2.205299250969186,0.0
1.6820769608105595,2.3382166474732498,0.0
2.1778517578619923,1.7613568647983853,0.0
-2.2879678037607674,-1.219450721552125,0.0
-2.3310957217652404,-2.7888035342696735,0.0
-2.355642877805219,-1.4360216875333096,0.0
1.7153439732649074,2.134952177470381,0.0
-1.9279467574383842,-1.8832709601688409,0.0
-1.3449017414002198,-1.9542815834044263,0.0
1.2543712036471972,2.2196958506322684,0.0
-1.6809879832522725,-1.8299877008701737,0.0
-2.5109566622134643,-2.5752188849092548,0.0
-2.3831637994817916,-1.3592443298179333,0.0
-1.9657003862596698,-2.1361380505725402,0.0
2.0829317613267686,2.6645706413727765,0.0
-1.9682547598066154,-2.1106952491735322,0.0
3.0765598962852914,2.234152453844796,0.0
-1.5310543139653028,-2.4266192421376553,0.0
-2.102480275865148,-2.087003418754017,0.0
-2.1356036699450818,-2.6585873944028973,0.0
-1.469642500328915,-2.4300644381462306,0.0
1.8174723917268711,1.104336225979408,0.0
1.7412404787447984,1.510585070320615,0.0
1.6781907985835547,0.8882984238877867,0.0
1.5144146675878045,2.7131584303935137,0.0
-2.1107871991020004,-1.787873690949565,0.0
2.659568438150788,1.5587905907250408,0.0
2.2104591420878283,2.1233010931306673,0.0
-1.1583163593801036,-1.3796368805823387,0.0
2.165266371617458,1.9273627713976154,0.0
1.8440119460418936,1.5798548022603467,0.0
-1.946673852748484,-1.2404983600319273,0.0
-2.0947728341282876,-1.7859859464893164,0.0
1.2258728385754787,2.2659873195035956,0.0
1.935879012986149,1.8641142167546516,0.0
-2.8569576947751445,-1.7974598634077572,0.0
-2.390139934195032,-1.2729821255804166,0.0
0.9978921422505425,2.188438260425446,0.0
2.134512036588123,2.262458931822941,0.0
-2.342548490165713,-2.354760505354,0.0
1.2548673060463509,2.748069818475816,0.0
1.5084409081271462,1.550839014283992,0.0
2.6302844225210746,1.949803248299317,0.0
-2.0712239343944208,-2.654381757119304,0.0
2.5633179610532535,1.4600342458182882,0.0
-1.8429871540896985,-1.8135619955737812,0.0
1.8617835774920815,1.8702115090829803,0.0
1.2767110549820528,1.2086571790986054,0.0
2.5152191337078023,0.9763381934710191,0.0
-2.291605647407993,-1.6779991505525444,0.0
2.13725817886197,1.554542458502236,0.0
1.373602319975037,2.388745177915955,0.0
2.3117268047121913,2.4453358407156975,0.0
3.58548738664509,2.094749818773957,0.0
-2.4487047518156686,-1.3318824545936896,0.0
3.173323515263281,1.3604194464858708,0.0
-2.178435764012799,-1.7271713382649863,0.0
2.249363479155966,1.631034109879385,0.0
1.9803585908862522,1.4159532511294013,0.0
-2.176683444357672,-1.6285245116958333,0.0
1.9548089963615265,2.6837986199033566,0.0
-1.7668549782249052,-1.1425841956619784,0.0
-2.4420073648740432,-1.3829279821099694,0.0
1.364757500757133,2.4846983540790055,0.0
2.574175290345563,1.5445748111806736,0.0
2.4284153059513454,1.6744872033499265,0.0
2.1210589804925615,1.5556398713231845,0.0
1.9282102441418396,1.8089872755248082,0.0
-2.049080605602965,-2.443307130028056,0.0
2.7938807618726837,1.6783711991056305,0.0
2.7599974303828865,2.8597946537080974,0.0
-2.8423644794369705,-2.249708380511019,0.0
1.7756164934472505,1.1279061217230224,0.0
1.5456183770204734,1.7878411895110493,0.0
2.407259911243933,2.029462794590815,0.0
-2.1513730084521265,-1.5051602790320548,0.0
2.361550246868899,2.012306062623956,0.0
-2.193656718728425,-2.173792256457722,0.0
-1.753177956237568,-1.7564923370098102,0.0
-2.3725116084038445,-1.4938697449673322,0.0
-2.0738187072574186,-1.4340940215857736,0.0
-1.144581708726672,-1.292792478635488,0.0
-2.055295251404104,-2.216215989289222,0.0
1.8154090810287782,1.8803104112120368,0.0
2.6638913479789914,1.9493592568913003,0.0
1.1288219010953848,1.3483786229438421,0.0
-2.292187637655661,-1.817204269887682,0.0
-2.9245653636377256,-1.295023930801927,0.0
2.033258611191584,2.151235948869891,0.0
-1.7506726771757253,-2.278843730012755,0.0
1.1990819755137316,1.55640952907748,0.0
-2.2518547186841182,-2.2935081442525744,0.0
2.9614710132401925,2.740257395717212,0.0
1.8251089099442315,3.011735974884987,0.0
1.3601554133978802,1.7072843978611136,0.0
1.3411413284296172,2.2705041099799037,0.0
2.0488624838574276,2.2914768398766467,0.0
-2.6318638109381034,-1.167475296604779,0.0
-1.693009345765287,-2.288227326478491,0.0
1.939796680667795,1.2603420100183733,0.0
-2.144065726363363,-1.644107365951478,0.0
1.8146479983897732,1.5271921022218544,0.0
-2.1775415612279603,-2.375784495065469,0.0
3.1348773119938036,1.2728171627006177,0.0
2.5940148961761507,2.1584713059624248,0.0
-1.563344081964794,-1.400131911792481,0.0
-1.7910997083969593,-2.620108168203885,0.0
1.942612337614601,2.1543756209183065,0.0
-1.5889618216014312,-2.1066076184359104,0.0
2.4750442087627946,1.9243213958511511,0.0
1.7931905096201264,1.6262725942796212,0.0
-2.5632947129359986,-2.476902210136282,0.0
1.9183725255834105,1.9567723586444765,0.0
1.1868390310865848,1.932588774452823,0.0
1.7984058465752333,2.4747027618966095,0.0
-1.4587043147645533,-1.8159981703597285,0.0
-1.4586638589544676,-2.0747947508334974,0.0
2.5770920152470094,2.086252208246433,0.0
1.9475101494905231,2.6837074912300793,0.0
1.597186746230316,1.440844037839184,0.0
1.4478083302857747,2.026082539630487,0.0
2.2536194755548076,1.9418851498064253,0.0
-1.3478930540752485,-1.9475941959638592,0.0
-1.887525975467813,-2.164150553361236,0.0
-1.4378891327766197,-0.8525594168723043,0.0
2.3645452810887684,2.0644914553787053,0.0
-1.700006628418829,-2.3841916596488386,0.0
-2.072585122096609,-2.268166260599457,0.0
-2.5987138478192833,-1.2568003732668078,0.0
1.5214262634244915,1.3257878404391494,0.0
-2.0495041556420386,-2.525326918293745,0.0
-1.924650928106391,-1.6522408442518484,0.0
-1.8531128446171234,-2.438265925719893,0.0
-1.8630212114129798,-2.6631892462540807,0.0
1.7167800731338905,1.8461543613164992,0.0
2.2004428395520605,1.995171381733546,0.0
-2.2838836207600934,-2.2955798344611766,0.0
-3.2895253725947375,-2.4687546930543647,0.0
1.3866891703016924,2.4837230750251176,0.0
-2.4992423224652063,-2.343109756960518,0.0
-1.5048385946720273,-1.1867842545038714,0.0
1.8291609512020597,2.01214545706889,0.0
2.10858981631914,2.039105590546076,0.0
2.3452145121915247,2.3983360541823355,0.0
-2.3177152193096338,-1.573585115862816,0.0
2.4379163807936655,1.9424462657563866,0.0
1.8621647327197215,1.6451360170765559,0.0
-2.1883920545537676,-2.4545161631260455,0.0
-2.0274440923771944,-1.738721199000594,0.0
-2.6948905094481033,-2.976839281309703,0.0
2.177378846556609,2.3084432771966394,0.0
-2.3935163686313428,-2.2923854682087343,0.0
-1.9868766910692064,-2.0571675799361886,0.0
1.8789900850648902,2.7591305851778527,0.0
-1.7146057353092132,-1.228601830853474,0.0
2.7566640412866024,2.276566032103792,0.0
-2.3086711732760454,-1.7392528793444728,0.0
1.7504916810029085,2.010675611921774,0.0
1.9193132318611104,2.8972244026125367,0.0
1.1538147812629458,2.364673173140213,0.0
1.540174654968669,3.321467860507371,0.0
1.8063365912960239,1.8488486247123321,0.0
1.1903200085512289,1.744479768209945,0.0
-1.8120362871162599,-2.4567972549885537,0.0
1.9132680514635605,1.7449852301221915,0.0
-1.142974265114634,-2.3839742958684074,0.0
-1.877191786049112,-2.016498240132333,0.0
-2.209540996403911,-1.8014468817751106,0.0
2.2070456768967976,1.7463827690525386,0.0
-2.4257612922018956,-1.7889076960154542,0.0
-2.3907423294809296,-1.7010700610648657,0.0
-2.0220698594239033,-1.1907703378840129,0.0
2.387080304909408,1.612770515614587,0.0
-1.9809363079525326,-1.7436412382638007,0.0
-2.185082082256851,-2.479627696320294,0.0
1.6016123468468495,2.7740334006893694,0.0
-2.771460723577145,-2.2008818710632503,0.0
-2.1284348486659583,-1.853264301175089,0.0
-1.8982301497976937,-3.042216067680765,0.0
-1.5229052095506175,-1.727927623820996,0.0
2.303555835958023,1.4759147965872634,0.0
1.8260439253369236,2.07817448455199,0.0
-2.0014823757191613,-2.8885218031882594,0.0
2.4604294118904093,2.1593638264715107,0.0
-1.3582724818667373,-1.7010267543039097,0.0
-2.264335329467744,-2.0540019183904787,0.0
-1.6371223279043932,-0.6686366431409609,0.0
-2.6228290664327982,-2.58559516771707,0.0
-2.6649459306670313,-2.177747387304226,0.0
2.178183198587201,2.353286584095974,0.0
2.1140266625620336,2.1007399733522165,0.0
-2.5016328784519444,-1.912685211093215,0.0
-2.0441865623662068,-1.8661645533196107,0.0
2.0194543529281077,2.3132821253726803,0.0
1.9833403585774234,1.2345982513002536,0.0
2.142157259498972,2.2077003130855632,0.0
-1.7692655612794301,-2.0232405780164453,0.0
2.3776978478316693,2.433703705677459,0.0
-2.0799698938785216,-2.4159787466085625,0.0
1.7583752287604464,2.001285591215755,0.0
2.2303971638506277,1.7995069210517995,0.0
2.2019480104179867,2.968356231201276,0.0
2.5342546996580047,1.7733070980743062,0.0
2.5078326407710505,2.3505206705825485,0.0
2.1822406246202526,2.735660978071169,0.0
-1.6112830331031076,-1.9924266071855796,0.0
2.052616068529638,1.9541702959498084,0.0
3.263184120177999,2.8849606940983668,0.0
-2.2881209081134517,-1.7126955413537135,0.0
2.1829243939584293,2.648912633486793,0.0
1.259377018901351,1.3637209324838415,0.0
2.98338198596737,1.901883017528229,0.0
-3.1318301505179043,-1.8124900400899233,0.0
2.540688017229095,1.6843120057753056,0.0
2.8242520051340896,1.224992905320926,0.0
2.349228574553668,2.001885444543135,0.0
1.921166491918092,3.1283617486491044,0.0
2.14317184444614,2.3044219172377254,0.0
1.9921589441987226,2.0804640841491113,0.0
2.428961962146168,2.5705509333287866,0.0
1.593426858977773,1.1368586988341616,0.0
1.812426441669358,1.3869019041084905,0.0
-3.296694282370855,-1.9513745615111069,0.0
-1.8010008383524507,-1.8811101832737016,0.0
-2.392110691267192,-1.6343531895798158,0.0
2.338731084673206,2.025910194741211,0.0
1.5758397385973837,1.8371652655899129,0.0
-1.6989182552119682,-1.5633634758496482,0.0
2.191366215006134,1.982878859734023,0.0
-1.304733016463031,-2.8206743044115146,0.0
-1.9847267094796917,-2.0184417654225335,0.0
2.267100585422886,2.1589425486190907,0.0
-2.371613770008659,-2.19761103292503,0.0
-1.8129310010992081,-1.3448676983083359,0.0
2.148757176977473,2.022011138087674,0.0
1.7485916496787308,3.2062268397718743,0.0
2.2153855674728207,1.9250542041334304,0.0
2.856152610671648,1.603942489717425,0.0
-2.7352008675690405,-1.4947862234372455,0.0
1.6231477669096996,2.0688449129516737,0.0
-2.4443226415458184,-2.0679049213218432,0.0
0.5026935698861905,2.4404687805404857,0.0
1.747320841367795,1.5921042290030143,0.0
-2.365436792975693,-2.820851614404892,0.0
-2.295378576454981,-1.5140148530672122,0.0
1.7228451867143495,1.7646811709226042,0.0
-2.214611949786099,-3.131121817621903,0.0
1.7079532266025403,2.1675528100979995,0.0
2.3020683702213423,1.185208198625781,0.0
-2.418065063413994,-1.0947091197081944,0.0
-2.3695846001954144,-2.0293630966844693,0.0
1.4828785791077677,2.3407972591408135,0.0
2.112804327235552,2.224856050115996,0.0
-2.2631216703863792,-1.9089501105952167,0.0
2.1199335529476393,2.0794793370628217,0.0
2.2949399103672596,1.818070595014605,0.0
2.1740846176209043,2.331629044839587,0.0
-2.0618248129460155,-1.7475150092685798,0.0
-2.449943238371742,-1.7589596956638995,0.0
-2.739897807662174,-1.932656368830881,0.0
-2.461411657498414,-2.7256692490955126,0.0
-1.5762958222592331,-2.0993599231543842,0.0
0.99179668610012,1.7302726833127493,0.0
-1.5168471105145989,-1.894884280448953,0.0
-2.737580241515683,-1.4946531420060976,0.0
-2.9569003523349906,-3.1427497243948226,0.0
2.74467798103724,2.260651874137857,0.0
1.0959280367508741,2.2056671214488044,0.0
-2.3718360873504367,-2.0795061257771796,0.0
2.6621793749979195,1.9138996036515588,0.0
2.2468708886745943,1.9419480304828167,0.0
2.1097547778965224,2.196531466990046,0.0
1.6637697761120245,1.8202234192297293,0.0
1.67379570880649,1.8045233124061995,0.0
2.2564182287963783,1.836840768920841,0.0
2.072021785580439,2.7271367534814877,0.0
-2.0315649499882014,-2.4106325372088797,0.0
1.7649835586495626,1.8916342647122306,0.0
2.3735941671023157,1.405527522398132,0.0
2.504298643430052,2.2637986913871577,0.0
-2.091795381735277,-1.8374006426564673,0.0
-1.3770268715844927,-2.718320332342291,0.0
2.2996846862611484,1.8718415531551786,0.0
1.0271484584180206,1.543608252932354,0.0
2.677721351297209,1.8009259356249625,0.0
-2.517397642375294,-2.3885737547741552,0.0
1.4219087840890436,2.3905990508549966,0.0
-1.7760651679443737,-2.3778753802201336,0.0
1.7993826450444088,1.5999587619576994,0.0
-2.4128896816256353,-1.9551900710803742,0.0
1.7722337482413284,2.0087395795125285,0.0
-1.9859150634050018,-1.010813650060169,0.0
2.57616578239156,2.5398092960184107,0.0
-2.146169337925572,-2.0967685555055136,0.0
-1.9344727753912692,-2.4395480061331303,0.0
-2.5224081596899284,-1.6050475291072535,0.0
-2.1283250677402403,-2.0192383291194766,0.0
-1.5910111963725972,-2.13945713755162,0.0
1.6179280380467784,1.2811042630992109,0.0
2.2645226191672156,2.2113143108544127,0.0
2.283272657909106,2.073152223000522,0.0
-1.3823088039952616,-2.121901898569561,0.0
1.2247853274582594,2.2086594105159176,0.0
2.113696387560564,1.4916306756951156,0.0
-2.0866751041885996,-1.3843732202033459,0.0
1.180788187129104,1.111805691826712,0.0
-0.6897130769908804,-2.37373658903269,0.0
2.1197913799281958,1.8150994168480983,0.0
2.283645138926335,1.8886624497424227,0.0
2.0496024312657513,2.7881494863138587,0.0
-2.3203628620950996,-2.5671557968611136,0.0
2.977956154125347,2.195046661343963,0.0
2.82406746610378,2.082113877743667,0.0
1.024097949259199,1.670054135135251,0.0
-2.5145564841496575,-1.5134599979251675,0.0
-1.9763477499794715,-1.8801880429552515,0.0
1.765567906016602,0.8992793572497211,0.0
-2.202736228570336,-1.7830305158848556,0.0
-2.4829769294209347,-2.3621556596155613,0.0
0.9846577661092528,3.0322464306796597,0.0
1.9719334897756216,1.999307478632452,0.0
1.4842587698423713,1.2850043706572758,0.0
-2.2405220109970174,-2.1173471771614603,0.0
-2.6532607614613006,-2.486687983778374,0.0
-2.1693410927226986,-0.9826187279894232,0.0
2.4800238705749638,1.7917504587816537,0.0
1.8002754853685623,2.1850279439237594,0.0
2.8663605934595666,2.3422505534295954,0.0
2.4926587544699332,2.3834598348305995,0.0
2.165017557255156,3.112972165869129,0.0
1.6000431884296678,1.8899621100898223,0.0
-2.5063365618842957,-2.5136484385377313,0.0
-1.8155556462071671,-2.1431591404050128,0.0
1.4304959034415172,1.3927993085203705,0.0
-1.4614812635262318,-2.1124132806350757,0.0
2.2842294594621384,1.8335941175738952,0.0
1.9691867989521763,1.9463473618544127,0.0
1.9753379649262137,2.1195168006233827,0.0
-0.995390719412562,-2.2449073656293006,0.0
-1.0714488651220702,-1.7926628666953897,0.0
2.2214230568733697,2.1091985365649686,0.0
-2.547835614486256,-2.546448303163015,0.0
-2.902968131301711,-2.0096613959856318,0.0
-2.2435457158559116,-1.55051630270597,0.0
-2.682379115041216,-2.01093495439454,0.0
2.4354808910858097,1.5610146917320649,0.0
2.1565338508254506,1.5729521303491376,0.0
-1.7144450889350886,-2.2718470148413883,0.0
-1.2465996355252782,-2.1965381978967216,0.0
2.1233244776262232,2.3039962547031987,0.0
-1.0129500258790503,-1.7610957186917653,0.0
2.235216572423241,2.155723535777078,0.0
2.1694520626079723,3.0105217807423985,0.0
-2.0236388578481237,-1.6679279753206748,0.0
2.0257874713849446,2.433638314404214,0.0
-2.2366804627512393,-2.1017853357367384,0.0
1.6088165165489552,2.312559328216865,0.0
1.2886025456868286,2.961162377722199,0.0
2.0068742436677667,1.077649418185977,0.0
2.4312980056642255,0.6721904535125336,0.0
0.9209657180193715,2.6592755090454183,0.0
-2.369697651255098,-2.1879799829856297,0.0
0.8722178852989053,1.4887465781821982,0.0
2.550142169110187,2.649010986163111,0.0
-2.6283400640840613,-1.530192803246275,0.0
-2.2267765504543875,-2.4958141791890105,0.0
-2.045633509863088,-2.200785337756458,0.0
2.1049247389615275,1.3796877002218864,0.0
1.4925870461327795,1.698834073208569,0.0
-1.4732801256847758,-2.281703831559085,0.0
1.3935660918954875,2.141884777191673,0.0
2.2287078031104954,1.5176939931331357,0.0
-1.3739990086234843,-2.572346315621299,0.0
-1.7744296050714001,-1.699916560873854,0.0
-1.6793309275138852,-1.5830743891234642,0.0
1.430098772286613,2.39247876062025,0.0
-2.7961053141577987,-1.9829051162921372,0.0
2.7894325972082443,1.6022497249733545,0.0
-1.7308351983619117,-2.071222708754685,0.0
-2.078652644140283,-1.8618800739900132,0.0
-2.9386564090280487,-1.4558323950952463,0.0
1.826019072039577,1.3233055709261432,0.0
-2.5709507096019233,-2.655485185220606,0.0
-2.244741209377515,-1.6182292667570397,0.0
2.0061159918194087,2.7846298072679523,0.0
2.3496902417939087,1.4693888562770454,0.0
-2.9048450963657437,-2.9297618028134638,0.0
-2.0092145250966835,-2.1616443181277503,0.0
-0.7678390332423173,-1.9030841315357934,0.0
-1.5463975659083762,-2.4227206710337836,0.0
1.0318600970767466,2.0943892983969143,0.0
-2.4830315925220345,-0.9199934458146324,0.0
1.4797003849574275,1.8421984383070709,0.0
-1.9010859160750662,-1.9511245987889074,0.0
2.00525001036041,2.8929352469529177,0.0
2.0562787654532273,1.672227485257821,0.0
-2.4891103080998356,-2.7615000680896475,0.0
-2.2025531447307305,-1.127357713656203,0.0
2.517204943240759,1.5018936798144669,0.0
-1.5501345937142235,-2.789265092970557,0.0
-2.12546119839058,-2.8881025120050157,0.0
-2.166379382287612,-2.1020039362382517,0.0
2.7806397994779033,1.5298648820213976,0.0
2.5726310865096123,2.1732472210033804,0.0
-2.2421052108694517,-2.163959028155209,0.0
2.1025433126159268,2.5807669017795587,0.0
2.0066198838337668,1.9390275361998615,0.0
1.2085308013324592,2.3051896895536026,0.0
-2.0416441978499815,-1.198568185311432,0.0
-2.518514671924346,-2.556452947435808,0.0
-1.7242632265995401,-2.406258023092801,0.0
1.4332035871807705,2.498379821409908,0.0
-2.354424910071303,-1.2742359915127168,0.0
-1.8806592145340824,-2.058111219768876,0.0
2.0502906043644815,2.269580637057098,0.0
1.3981324039001102,2.2085217514838016,0.0
-0.9056906605885815,-2.109886492856681,0.0
-1.6636816407159531,-1.870083752498262,0.0
2.019315275920094,1.1716424488390231,0.0
1.693687130562532,1.5885858378528592,0.0
1.4415252231266382,1.9823516301985422,0.0
-1.7636051719890344,-2.2635458051120207,0.0
-1.9573737127148065,-1.950289006645729,0.0
1.546350817808379,2.0259726978980694,0.0
-1.634224209068923,-1.8401751084329634,0.0
1.8793311042734477,1.5609048285949634,0.0
-2.0228071413874296,-1.8140222242175108,0.0
-2.8563146613412274,-1.6935238159084998,0.0
1.8454427776141455,1.8832666692281537,0.0
-1.8468983018481457,-1.8181510536433185,0.0
-2.6852859589803444,-1.8447176447897609,0.0
-1.2750762373193907,-2.440723533234232,0.0
2.4680645741555414,2.3391900494202353,0.0
2.0975348485756906,1.1092185721472043,0.0
-2.601621727687988,-1.410984382428314,0.0
-2.00020866320631,-1.8129224570145988,0.0
2.1652883781371868,2.474623236779118,0.0
-1.9421674629768266,-2.2736777871493334,0.0
-1.977443498093517,-0.28623072649875336,0.0
1.2077632184245322,2.422227153302293,0.0
2.261945511917103,2.044211043522331,0.0
-1.5679393343111963,-2.753231582985859,0.0
-2.2076156979108283,-2.33683208565457,0.0
-1.7930431649448835,-2.099640027457296,0.0
-1.6224751598720561,-2.698267618786579,0.0
-2.3404035524003857,-1.4576262116811476,0.0
-2.0651115832333633,-2.0947089644058954,0.0
1.1577413722875587,2.4032818839481296,0.0
-1.1734250837173397,-2.3496589704860456,0.0
-2.6960079582790177,-1.7038971591779803,0.0
-2.4636814640364832,-1.5558305690015786,0.0
-2.2582437209742254,-2.0416631426233374,0.0
-2.8264018211264217,-1.4670365906415554,0.0
-1.8055040274984762,-2.3810194799202136,0.0
-2.4510359857065422,-1.8395002669075542,0.0
2.6429920035401464,1.246500800892864,0.0
1.5072446311579246,1.2640824962682067,0.0
1.7847690440571036,2.574689691683562,0.0
1.5933178703978985,1.266787836098743,0.0
-1.9081232522841556,-2.3831548259735404,0.0
2.015300912169259,1.9651792107765322,0.0
-1.8943384861950123,-2.101197131430533,0.0
2.9337789950749835,1.5113610600617946,0.0
-1.9128134756492372,-3.09684167584733,0.0
2.1062935232187683,2.7735157484954223,0.0
-2.0407742566702636,-2.2765309555341915,0.0
-1.720350509304558,-2.531847795512774,0.0
1.8589020616547824,1.4208984074079856,0.0
-1.7023498461538535,-1.4179241168875167,0.0
2.0524535825427566,2.066956461307738,0.0
1.605665372745317,2.5473191873560457,0.0
1.908122134875004,2.4123091098192337,0.0
1.1836827368827523,1.216116137845773,0.0
2.015633773513785,1.953943942654022,0.0
-2.3923437057147225,-2.1677903217915833,0.0
-3.089465760097455,-2.3148252134700904,0.0
0.7086016835150277,1.4230248181739953,0.0
1.7729598187421973,2.042975986717192,0.0
1.9256169238831604,2.048002102484885,0.0
2.747039536578803,1.8974208681170996,0.0
2.61243528209683,2.032428053171788,0.0
1.780405239098926,2.0906692146089108,0.0
2.140220852658148,1.5034381945352098,0.0
2.1261657156922604,1.8046010019594931,0.0
-1.7928465830380245,-1.9380201865641695,0.0
1.8659983145243098,2.4012281978981975,0.0
-2.0055678136703334,-1.3279628126632865,0.0
2.1195727903268935,2.698948130543368,0.0
-2.081699460003245,-2.0781517341693214,0.0
-2.0938974609874035,-1.7565313475300337,0.0
-2.196410301773104,-2.168136929542789,0.0
-1.7952241108811544,-2.399796749835245,0.0
-2.994634733080642,-2.770278985935347,0.0
-1.9890713208900643,-1.9787304629851046,0.0
-2.467563604718772,-1.809087995190308,0.0
-2.3582220787932386,-2.2531367665872444,0.0
2.468222862915558,1.9824524115651647,0.0
1.7013419655173188,1.8810391351319966,0.0
-1.988893667741758,-1.7282732802086374,0.0
1.3124077603413795,2.2504961160899732,0.0
-1.624487347905115,-2.4495564692132694,0.0
1.8554973945228834,1.0006802622083137,0.0
-1.877694819335264,-2.3899616244625017,0.0
-1.8069168114508154,-1.949566468371344,0.0
-2.050150851305916,-2.3517000460964055,0.0
1.5262557025465602,2.122221727980816,0.0
2.1067400244550845,1.3957131731333894,0.0
-1.452916504278028,-2.547120476517546,0.0
-1.4597279364872564,-2.8038382895215888,0.0
-2.7742355253642303,-1.3442864368250245,0.0
1.471263176099235,1.7220074840605164,0.0
1.8296538280610348,1.368413543957423,0.0
2.696259224717136,2.518792833525317,0.0
2.179752199785505,1.927716591533132,0.0
2.401025869370258,1.0767340091676636,0.0
-2.8338899464421186,-1.7059811256300936,0.0
-1.0723768952897603,-1.29217188691266,0.0
-1.732244715130448,-2.1997844301617,0.0
-1.9497178984514185,-2.4774713788086196,0.0
-2.2164136343052054,-1.8125156376484368,0.0
-1.876888619361784,-2.458992153002308,0.0
-2.4953354653135746,-2.5013342936848955,0.0
-2.2578782726426763,-1.3680348988184026,0.0
1.7598789791308884,1.7383745283075525,0.0
-1.6010434017166273,-2.443439801935719,0.0
-1.545405752334517,-1.9596400547830666,0.0
-2.003468720602961,-1.0450547190454942,0.0
-2.3631829160930513,-2.0862292983407285,0.0
1.3328707642986233,1.3266412471012223,0.0
-1.7719181943224334,-2.4724350986940054,0.0
1.2767894680083356,1.7738248622154542,0.0
-2.5497657964847416,-1.9564993071361696,0.0
2.0819642862262935,2.0481606779605985,0.0
1.1468649046874937,2.975387697615895,0.0
1.4773733169265226,2.6055726448413505,0.0
1.6996712211711058,2.7761215900242804,0.0
1.1220547082811403,2.2254672309029573,0.0
2.4652042480555583,1.91234179883649,0.0
1.5277768720408749,1.7949751533987257,0.0
-1.6976589848770995,-1.1658444701828374,0.0
2.1127908317844017,2.6945726578389637,0.0
-2.098893725836365,-2.418888129692603,0.0
-1.6612214832061414,-1.3464080774593712,0.0
2.2330832130170153,1.8148787796478285,0.0
-2.1001767400024938,-2.857023058024498,0.0
-1.9769324705221576,-2.479187240113281,0.0
-2.022691682073136,-2.0265691697207404,0.0
1.6872214824453733,2.496068414259253,0.0
1.2488017153091437,1.1111665226331469,0.0
1.807677288428741,1.778081953422401,0.0
2.0432915900827093,2.7096275229554756,0.0
1.4262656737944488,1.7810899776277829,0.0
-1.0866357646695675,-2.728082224361545,0.0
1.8661332315530168,1.4359943342649966,0.0
1.5811609790460275,1.704408448117785,0.0
2.0137548510149177,3.116008194762589,0.0
2.5200431225268516,2.082321904763199,0.0
1.9914897930692796,2.189575867777541,0.0
-2.3676478591414867,-2.316994329658361,0.0
-2.1606294685290046,-2.244283110377313,0.0
-2.694116749334931,-3.287601313384633,0.0
2.268298260283412,2.20234772780715,0.0
2.432218099429753,1.628917489796779,0.0
2.0043139494587883,2.26350210422733,0.0
2.277981339854899,2.446236943665765,0.0
-2.3633560129913986,-2.1085815578620837,0.0
2.1233830119899855,2.7629787804424044,0.0
-1.776487921557161,-1.9471400022664225,0.0
1.62762258897578,1.5867807306704929,0.0
2.143452244001673,0.8397028621046292,0.0
-2.666671139445351,-1.8161079945398517,0.0
-2.7242334316239942,-2.7863982262740867,0.0
1.8691772771445496,1.9088776081050285,0.0
2.1695296279712153,1.7051839790244852,0.0
-2.7011652664426418,-2.1535342434207183,0.0
-1.5542423400053775,-1.6077223328395018,0.0
-1.791473055503938,-2.303933974194734,0.0
-1.793863864169465,-1.731301626561591,0.0
-1.64557021231643,-1.7885907126616694,0.0
2.3382303661808117,1.8089955222110898,0.0
-1.667205356522684,-1.9981918495246485,0.0
1.9626660108744252,2.129358220114873,0.0
1.8540813186260685,1.6192538940941883,0.0
2.149119087103028,2.6631929483435153,0.0
-2.3705277667020646,-1.969995466521438,0.0
2.447630136444965,2.687482033196495,0.0
1.6661398568203003,2.1634812977022286,0.0
-0.6001461754565416,-2.1628881622925142,0.0
1.6980802236019246,1.425222968371441,0.0
-1.6124883683879148,-1.783581189250003,0.0
1.3420462947442395,1.7692076975926456,0.0
1.9712652407673026,1.8043914739129918,0.0
-3.1568865565861,-2.421285850856504,0.0
2.0254771385056447,1.1028853642551395,0.0
2.4683712317676285,2.7061638530187215,0.0
-1.6476786396250545,-1.9222046325155513,0.0
-1.8413355231488315,-1.693659607304451,0.0
1.617148902760957,2.2778934820414367,0.0
0.781217820400322,2.55746227974514,0.0
-2.0574808831387474,-1.7520746655172847,0.0
-1.8336008912977726,-1.4931247262508696,0.0
1.9803660044810234,1.5255335945751183,0.0
-2.3445242147089855,-2.274043593736268,0.0
-2.6080382903729307,-1.9296640483460195,0.0
-2.9747858938148815,-2.4800527829721433,0.0
2.6337058274093286,2.2497491167343298,0.0
-1.5156278034444273,-2.3651785477789797,0.0
1.9335597112065221,1.8511045602991358,0.0
1.565568726567024,2.3281953754296514,0.0
-1.3424311671395137,-2.161728736241712,0.0
2.226890956317842,1.0851297944977343,0.0
-1.7519102938558098,-1.7115220533006732,0.0
2.5642970322572842,2.248000473171981,0.0
-1.4594720279564632,-1.2138348412323876,0.0
-1.3962237079202817,-1.7313099033204837,0.0
-1.8795016339774395,-2.4861589590132587,0.0
-1.442011735986629,-2.46026908154572,0.0
2.0493337269078977,2.0985905275986836,0.0
2.226244546319823,2.0489480727063136,0.0
2.75937966848179,1.4144197692749598,0.0
1.6002888002284517,2.1203937548709693,0.0
2.910957548930203,1.9621747647057886,0.0
-1.0241194938660931,-1.3800297250863198,0.0
2.443245769679808,1.8639341219908958,0.0
2.23283121986523,1.2318781568613881,0.0
-1.9554618987517183,-2.064576741230057,0.0
1.6661436397147205,2.840960870036569,0.0
-1.5496380474554097,-1.554317946823528,0.0
2.8806330637099316,2.377047831828121,0.0
-2.253518316062722,-3.005391134292939,0.0
-1.9188184813089826,-2.0051456581668594,0.0
2.5108952927943364,1.7237296632916355,0.0
-2.766460526715064,-2.855985082047111,0.0
1.9691283492710494,1.7765818731686893,0.0
-1.7964348344583758,-2.314278790122295,0.0
-1.9857957776802053,-2.199030740482832,0.0
