3.0991583511482705,-5.704957002494382,1.0
-5.734517381652033,-2.116677370205505,1.0
-0.136281715144011,3.244889013693518,1.0
2.199544519278062,-0.6491675234790204,1.0
-2.7164800046200095,5.965494001892534,1.0
-0.8858243731683242,-0.5833557080438947,1.0
-4.03651414569997,3.5377145849991525,1.0
2.324186709377864,-3.3507646465348753,1.0
-5.011427452609888,2.1659916248965576,1.0
1.8541345713736224,-2.720885676021488,1.0
5.410362747004925,-4.187305298629197,1.0
-0.8119823874887775,5.3233910420111865,1.0
-0.9632721968865319,1.662311371969027,1.0
-1.2288672244464687,-2.7094175718159597,1.0
5.807731775517938,-1.0879919242194838,1.0
4.729190444149612,-3.240544729306966,1.0
-3.4427435516990004,-5.626391005385864,1.0
1.8200019045106206,-1.5776838753148663,1.0
4.372298998075644,-0.3214811197013141,1.0
5.618321134976661,-3.7736938115625462,1.0
4.42347801546733,3.319162233500901,1.0
3.251062135728624,4.137398737402652,1.0
3.132287891315986,1.514643859576985,1.0
-4.425061467811349,-5.609685846104977,1.0
5.050174173788243,1.3998037742488565,1.0
3.558447491714116,-0.22173178184939957,1.0
-4.592301732451267,-4.497770493569394,1.0
2.226783446747657,-0.8363292612064477,1.0
-3.5937032795959594,-0.10086543910275747,1.0
-5.229492755098391,0.9836568229727849,1.0
-2.772079146778828,3.5707092076462583,1.0
-2.275656492917115,-0.5373582110183861,1.0
-5.860553521102792,-5.130637346465294,1.0
-1.2900773231197817,-0.24073398339451835,1.0
1.2002465774316446,-2.500049055488361,1.0
2.33978263351851,4.3214687662704545,1.0
3.358211866720197,-5.524574095819714,1.0
-0.2339166329060527,-4.740837858981902,1.0
-3.0954598096496704,5.839951119205757,1.0
-4.290053485181842,-0.013342158583727226,1.0
1.4178688118174296,2.4295796465292483,1.0
0.7157842018429692,-5.8827498309697965,1.0
-2.0824643010720973,0.2125397206165367,1.0
-4.945602010262,-1.792476825489831,1.0
-5.601562694503601,-5.057058034139751,1.0
-1.2369206855808468,-4.407410951483276,1.0
0.8104901791386983,2.2735796296471893,1.0
3.6070403893089953,-3.598197069062279,1.0
-3.990209012891163,-4.7451859159871965,1.0
1.6371629945236403,2.4777087178428143,1.0
-5.6209662620922956,5.234546954924278,1.0
-5.3763445961823315,0.49555602361284556,1.0
2.5087262334109965,4.451629484953028,1.0
2.569043185589134,3.6207369968375023,1.0
-1.9265976894863268,3.777901364958147,1.0
-5.038621843383899,4.737799872726331,1.0
0.5711085138448349,3.8075732395499244,1.0
-0.5721805857803979,1.7229323423583,1.0
0.3168319312333585,2.7790742610639825,1.0
-5.0204402156329255,-5.275774992113234,1.0
-3.0347611918782427,-4.08546383864174,1.0
4.46140279910642,-3.369432151703468,1.0
5.710383069829575,-1.9572504987467179,1.0
-3.8145850117356086,3.4763820857097496,1.0
1.9044933060105134,-0.021651402562332223,1.0
0.6643626112515744,2.6304213392671656,1.0
-3.2585431040244153,5.956006992680903,1.0
5.697517945761398,1.8039082361632426,1.0
-3.6054905888502584,2.162738909175495,1.0
-5.13361909224989,-5.632169973530328,1.0
-2.907805337865436,-0.44852451912820435,1.0
4.419270064900566,2.7260288371956953,1.0
2.9124782543997725,-0.8940799866230957,1.0
-1.8487800894364455,-1.5475348441847672,1.0
5.851794764832693,-5.51868970305021,1.0
4.404377953469382,0.9441049028687214,1.0
-0.7366149697249149,2.7030919249816385,1.0
-0.15997270290356624,4.481078856979927,1.0
4.808422368135101,-0.939348877518535,1.0
-2.678066433179381,1.1082039431203468,1.0
4.948360147400292,-3.472053731932001,1.0
1.4755990027617933,1.5787226411102466,1.0
2.7973562689833713,-4.421187778472882,1.0
2.589899576185063,4.9083902479876915,1.0
-3.8438026935570964,-3.1494801009134683,1.0
5.656741128499675,-3.8282765674861228,1.0
4.252621120434949,-0.09266572262358252,1.0
-3.0332271071618755,4.448998815270137,1.0
-0.6563369399680141,0.17780824715628185,1.0
-1.6891995672028113,1.1154102172191287,1.0
-4.037713528979727,-1.307021560178871,1.0
5.63294786802345,-2.9023988075864695,1.0
1.8808399744955064,-2.0977192293036615,1.0
3.2816775082392073,-4.429516071379802,1.0
5.637852540942536,-0.554525503396329,1.0
-3.1673944398424325,-5.118039032039848,1.0
-3.962905138949511,0.2372873826722124,1.0
-1.955961882824564,3.946600390591314,1.0
-0.8293497160583287,-3.015428728948441,1.0
1.4057398392483602,2.4813266026253498,1.0
-3.9954971051886017,-3.988569404540188,1.0
-5.559942876797484,2.836824180787687,1.0
1.9656543314616606,-0.3044294910022334,1.0
4.130045387630366,3.668041835400638,1.0
1.0242523727610262,4.419255366159103,1.0
-3.529905479558781,-4.6569645672272655,1.0
-2.7630046617961246,-5.314957726928222,1.0
0.3740343360123841,5.239268307539538,1.0
-5.527877511977884,-4.534681031879678,1.0
-0.5736116605987771,5.206500210334859,1.0
-2.206126740278994,0.08681770426070923,1.0
-5.501125691395295,-4.219881588454934,1.0
5.839561475506162,5.581424357232546,1.0
-5.940720228787084,5.421741425078867,1.0
1.6694392537860043,4.415019534240265,1.0
-0.5431217323936908,0.18715234295100291,1.0
-0.1338410369169578,2.002371090553252,1.0
-4.324184942924245,-5.640316921527864,1.0
-2.304840700905709,2.4561691528397596,1.0
-3.5777585745246197,2.0811891998990077,1.0
5.638944553287246,-4.87319141052698,1.0
2.071225418701516,-0.6749973683451458,1.0
4.417707052530064,-3.874202526631369,1.0
2.311511426713974,4.057383475777323,1.0
5.335370633688278,2.198976339475749,1.0
-0.033902831898872776,1.4141668824145661,1.0
4.426859813744619,0.8473169596659567,1.0
-5.635355283637958,5.171384346083734,1.0
2.274321012378733,2.118160629326958,1.0
-3.411898171227394,1.9066256427918864,1.0
-1.2736271321500983,1.8147957244979054,1.0
-4.720883636304111,1.894143655236432,1.0
5.992964709248,-5.421455533673328,1.0
5.7260902106558085,-1.1171044713255522,1.0
4.44904140404711,3.388625808699281,1.0
0.8041951318400136,2.8613905110159177,1.0
4.542186735616175,-1.1503161401876039,1.0
-2.0756020612411357,2.0111206267630166,1.0
3.6941513032951026,3.147421617319388,1.0
3.573763786303614,-0.7730002222448036,1.0
3.81401059410026,-4.557491335552699,1.0
0.5338691755301941,-5.930896074022542,1.0
-2.1049700411967565,-1.602461581543226,1.0
-1.2459277006889353,2.345606480278345,1.0
-1.3373027847558507,-0.6156765285296322,1.0
-3.1494704295080704,-1.520978500447919,1.0
-3.2727644728421823,-5.121648914778676,1.0
1.2413831205765344,2.0185535826601946,1.0
1.4338841521153736,-0.43807147439313177,1.0
-1.4425706378492418,4.360003794861903,1.0
0.2289814216346162,-0.24981746844322839,1.0
-5.692295210322772,-1.9050260684861238,1.0
-1.4376525745697153,-1.2141266292371942,1.0
0.962068430727987,0.40323056072254104,1.0
1.2948611135213355,3.1785991385055397,1.0
3.7558288645931217,2.6174769147179333,1.0
5.466284351459215,-5.78120900788366,1.0
-3.650664171797447,-5.909245500262294,1.0
1.7696965698552365,4.776366587399842,1.0
-3.0782124410844087,5.12441453755568,1.0
-5.276791316525269,5.2132323216661725,1.0
-1.780527753124387,-4.782950058609401,1.0
-0.16953888976409281,-2.9186811873539047,1.0
-2.581525176456926,-2.312520420884561,1.0
3.636310773991962,0.46993532010305383,1.0
-2.2643076101279562,1.3240053997310204,1.0
2.5938080906783227,-2.728511991197595,1.0
-1.0374107816957814,-4.537366879956629,1.0
-3.826207805583836,2.173414247579794,1.0
-3.8227398276524767,0.301960604004722,1.0
2.5085551406691913,-4.717476922863074,1.0
0.8077466355468426,-2.921246595583635,1.0
5.555122502850958,-0.19745223936090284,1.0
3.6719105973018973,0.6027185058751412,1.0
-5.47904960574217,1.5978165071282682,1.0
5.416840106479885,1.2193418417559743,1.0
3.8302663131214825,4.610477560180893,1.0
-3.2630427366128103,-3.4554619211012803,1.0
1.3317718662119002,-1.067658362319543,1.0
4.078335634400645,4.800277480776135,1.0
-1.7589434483673827,-3.1575532923062153,1.0
3.3663061829263423,-2.702327573422367,1.0
3.871371822164141,-0.915140956214846,1.0
2.010598791497646,-4.853576233983982,1.0
1.4863118961188757,-0.5787878551532506,1.0
1.0393015581056897,-3.983829507061639,1.0
2.842484939330186,4.353564930518743,1.0
-3.3991223989106922,-4.851425333758059,1.0
-5.716336967443963,1.703658005319192,1.0
1.2851284330653687,0.5603689525688402,1.0
-3.216634846608295,-1.3091280491338235,1.0
1.1337160222340765,-0.03879769368996744,1.0
5.853426242578648,-4.3627229693192024,1.0
2.3417346485711263,-1.1481747827484945,1.0
-0.8616046208926225,2.611173187898114,1.0
2.3092338158924353,5.89507192442626,1.0
-4.459268526550497,-4.7506842073900035,1.0
2.6920658055448943,0.9406430040769092,1.0
-2.7100720012823296,-5.046967572132161,1.0
-4.972101004842834,4.73029049596942,1.0
-0.7415996830346676,2.70482208346506,0.0
-1.3003603768968337,-1.4211420850366192,0.0
-1.8042834870715232,-0.7918601703987631,0.0
-4.692736616284974,2.195827390896211,0.0
5.504554599617186,-1.7479635846873056,0.0
-1.659205988068809,-0.8709457345460299,0.0
2.3604590030651877,-3.1099455418165087,0.0
-0.2754623870168571,-2.5084174858562944,0.0
5.652257439047359,-0.7451105166930215,0.0
2.0132689784126274,-0.6974165524229965,0.0
-0.6667610479824679,-1.9659425501598586,0.0
2.602342214063987,-2.8795518690435014,0.0
0.6287937549563014,1.5357500168467229,0.0
1.2875577429232776,0.9741511690747495,0.0
-4.548822950957618,2.255966154558857,0.0
5.91341778249999,-0.48272894093432994,0.0
-1.5767719016545068,3.0211173780538942,0.0
5.866377781191265,0.285474892329199,0.0
2.677319325751772,-3.1583543526563247,0.0
-1.2774366169135574,-1.563759031869412,0.0
5.617878012082679,-0.336691490836423,0.0
-0.821041677582202,-1.6838716296509788,0.0
-5.410420719102034,1.3069555392846217,0.0
2.843529623681765,-2.9713295004737375,0.0
-1.4074120147760234,-0.14717325182903684,0.0
0.41322577465460375,-2.6181418572126756,0.0
-1.6726762670605646,3.124342478048808,0.0
-1.7954538807989433,-0.80138397225664,0.0
-1.8288533508807778,2.838284435837265,0.0
5.795603089931258,0.08959739979656689,0.0
-0.7094065170791946,-1.7871891635168604,0.0
-1.5304310712592384,-0.19701953524375182,0.0
5.914218068928565,0.48921484578990393,0.0
4.975912451447668,-2.1208841718352165,0.0
-1.428374902543275,0.6284437341487425,0.0
-1.1295493799116176,2.9720695421026395,0.0
-1.7227728992845601,0.6514099551979451,0.0
1.6743111692546497,1.1054625310463666,0.0
-2.096056842444868,2.878104699932347,0.0
-5.815401864666386,-0.8575226332152677,0.0
2.170349266232895,-0.6872899050287069,0.0
-0.13356615307923048,-2.818967460344378,0.0
-1.1516105323494439,-1.721798449721057,0.0
2.159196747428071,-0.6800240307206313,0.0
3.477441991725388,-2.7612019349192796,0.0
-2.201699886357609,3.008123724371016,0.0
-0.03146847216997939,2.655847205203207,0.0
0.16242982257691008,1.900626642724062,0.0
5.470452841291457,-1.6780006864717083,0.0
-1.492014470945836,-0.7012795400178464,0.0
2.5861947398762943,-2.978461464314396,0.0
0.17927473778972436,-2.4643187492821763,0.0
1.8796368710100104,-0.3592358583131796,0.0
-2.9483034014664082,2.9818516343402104,0.0
0.6044969514626977,2.355851278514614,0.0
-5.9082250821268705,-0.1405757678769768,0.0
-1.3624197450584459,2.678130841243131,0.0
5.0445461429063885,-1.1981762289691216,0.0
-1.8023157740296885,0.8466123720857461,0.0
2.873507250657461,-2.8716139839092705,0.0
-5.195977484508804,0.971184724307917,0.0
2.3307636837870342,-2.9581994515528702,0.0
-1.7329369907342596,-0.5639626351314039,0.0
0.5582732056310027,-2.693951953940719,0.0
2.320771249179927,-0.42606967563712006,0.0
-5.113006018096188,1.4530629739047596,0.0
-5.9960431947558455,0.20633961124420286,0.0
-0.6992755181983215,-1.5547830869444161,0.0
-2.14185323560473,2.92815863084463,0.0
-0.6001570077024576,2.547396266000419,0.0
0.635775454568742,2.262966922522166,0.0
-5.53573691378271,0.3671850386393303,0.0
5.424353486107461,-0.7479231864750111,0.0
4.353941587396568,-2.310498678971299,0.0
0.2785036898868549,2.671618748547881,0.0
3.436642965763361,-2.8533025439991184,0.0
1.2425378977036008,0.7655457140909152,0.0
1.183265007681237,0.7738634843646095,0.0
5.247949031426362,-1.592414407219033,0.0
1.7910667157487343,-3.242835774494708,0.0
-5.732009924973073,-0.3144415603268109,0.0
2.034911648200109,0.44398406412857794,0.0
-0.5423457965674654,2.846121113240873,0.0
-1.4352070779723884,-0.8075350349021357,0.0
4.247075767028138,-2.2284623511645867,0.0
0.8677853310425183,2.0478592448241364,0.0
4.431911514500861,-2.077706117014529,0.0
0.7863640982996936,1.8365094226807743,0.0
-1.4878719092448074,2.9182793298334953,0.0
0.2849885930861298,2.4141786015805096,0.0
2.0106765450978292,-0.3654529451661005,0.0
-2.146849312933741,0.8716885340701306,0.0
1.7823498493693277,0.8910157656214941,0.0
1.1250087924020562,-2.587429513323098,0.0
2.712508892123614,-3.189048939969033,0.0
6.192111444891445,1.0451680957205376,0.0
5.788004563443525,-0.11767978006135704,0.0
2.338242229162299,0.01915239229865473,0.0
5.69814773776515,-0.6978174322908424,0.0
0.7858427283250022,2.060313018634317,0.0
6.1385759109926195,0.6735423596699368,0.0
-0.672582098859086,-2.375691569691747,0.0
-2.6391681447329516,3.0249413068234237,0.0
2.5795516511886465,-2.8629919815521143,0.0
1.904814962192186,-0.78826292591611,0.0
-6.347467277202268,0.5034416545253952,0.0
-1.793196817206814,-0.6682350122385752,0.0
3.4709364662340176,-3.011134559397208,0.0
-0.6555322673893846,-1.6473209475321144,0.0
-5.612819203799034,0.5574379665329652,0.0
-0.9189100408457473,3.19661917598628,0.0
5.098268398600955,-0.7501260905196105,0.0
-6.413442107475652,-0.44241073387597707,0.0
-1.5685686285192502,-0.08734530723532763,0.0
2.6175312710371346,-2.8548316722551457,0.0
-3.9635738759169534,2.2818799104508884,0.0
5.619760217381157,0.1490601100010165,0.0
1.8662805655054298,-0.15371867266948824,0.0
-4.051753661816167,2.4121261362892215,0.0
1.8473054832001599,-1.1270448714710055,0.0
-5.5245557838985615,0.574401379365246,0.0
2.019128958756193,-0.6092709863365882,0.0
-1.764050380936036,-0.20469167766604823,0.0
1.5303061034875314,0.7492595563068731,0.0
3.564948179292829,-2.9142027791210907,0.0
-1.72159999486372,-0.2947069670428143,0.0
-5.941103337293032,-0.9273381345263862,0.0
0.3013477050274762,-2.8339552773290664,0.0
-4.984059721183874,1.5628156836924223,0.0
-1.6074009663570865,-1.3508237117506559,0.0
-5.483126233210115,1.008887001589339,0.0
1.6938747951145476,0.6961307593068133,0.0
1.0343485986413095,1.6214584079910423,0.0
1.0688384295077795,1.4334714314786998,0.0
5.606580750878026,-0.2312297506919564,0.0
-1.7295963101770533,2.872153127965633,0.0
-6.011776127670999,-1.1085643604764779,0.0
-0.9959719176206594,-1.8642692373695673,0.0
-5.0000412855444045,1.7192260681185383,0.0
0.6483607786623575,1.8043539857600304,0.0
3.892127030906419,-2.657805020342831,0.0
-4.867224437461717,1.6017027921086382,0.0
1.5471156233016998,-3.1084573562880564,0.0
-2.883112031624693,2.92327010627804,0.0
1.7354222523310412,-0.10804218759243123,0.0
-3.9399248875859145,2.9467280246504615,0.0
-0.022786220924501777,2.628372616478619,0.0
1.6342478272811252,0.27798619518172085,0.0
5.244533791411632,-1.629319095756595,0.0
5.8181714118105585,-0.575479410181523,0.0
-1.196937998011876,2.7433900129520534,0.0
5.97397943371346,-0.1277015418945342,0.0
-2.3913896831809356,3.5232035885087747,0.0
3.886339976241108,-2.1248654806349148,0.0
2.3022658909284504,-0.6609580107330517,0.0
-4.5707897524928915,2.0511106681496933,0.0
0.4243676200973301,1.726808670061223,0.0
-5.758356017320512,0.5304875906040969,0.0
-3.24137546907729,3.025933356819136,0.0
-0.4222130252466614,-2.4763924068763856,0.0
5.662921531317251,-0.30553191887886466,0.0
5.412528022432645,-1.0369979560837006,0.0
-1.5597291994335154,-0.4369544921497739,0.0
0.0889765499868278,-2.1526678124508987,0.0
5.768746551487542,0.14703341827293048,0.0
-6.191778256648414,0.23550360966841088,0.0
3.556684194007314,-2.6418045778818406,0.0
5.82119653778175,-0.6831526543440265,0.0
-5.035207108887116,1.6783394455632727,0.0
-1.8084819338058968,0.2872833717573786,0.0
-2.3481024581438197,2.988349209924076,0.0
0.7965546822899725,-2.637489722059226,0.0
1.7825344412400193,0.419112300115402,0.0
1.358994512695721,1.4273250953001844,0.0
-2.227874116544362,2.8041577253121375,0.0
5.968845992548316,-0.07211639950118642,0.0
-4.060021609200739,2.247280217098158,0.0
-0.19269325301146156,2.6944511190216187,0.0
4.870472784982385,-1.084114999100791,0.0
1.1385401849873755,1.2485256721262412,0.0
1.2267961980743647,-2.736997072008665,0.0
2.634872333579091,-3.0396257425742275,0.0
5.935933505954173,0.13997147630767026,0.0
0.9070003954561154,1.5313012358630065,0.0
3.3899932838350724,-3.0650654431282423,0.0
0.45312469838541913,-2.8145203473836062,0.0
-0.9591529660061222,-2.4386501749327323,0.0
-5.875217560734386,0.14998332252693958,0.0
1.2265015126184755,1.610406458424365,0.0
5.784893349331404,-0.1867338105700057,0.0
1.140860101402303,-2.697911663534802,0.0
-4.393589867673226,2.2496247816982726,0.0
-1.1227187306073234,2.4232714552736647,0.0
-2.9943913991701674,3.03498295115443,0.0
-5.899886973160287,0.4244857555774155,0.0
0.49705601479340134,-2.8767200872937613,0.0
6.074924814542907,1.014039374398331,0.0
-0.5493797478242306,2.54354165121943,0.0
-1.3404403071878417,-0.7796152924749103,0.0
3.3994900308943556,-2.642760180252012,0.0
-2.5925159690950563,0.9498873154810252,0.0
-3.5173704514776873,2.618527345824338,0.0
-1.1679889664560026,3.059799553566994,0.0
-5.81262314629458,0.10170499385447385,0.0
0.07702843038122298,-2.660626071839994,0.0
4.895412329622639,-1.7320422493536587,0.0
3.087560201324515,-2.974465365042857,0.0
3.843679136605207,-2.560736976454789,0.0
-1.5421666862720875,2.8792310198168725,0.0
0.3348890813392127,-2.7576680570044285,0.0
0.4222700955365033,2.348926982278206,0.0
-4.788495353310905,1.9419396480065525,0.0
0.42240557192138395,2.256086203207283,0.0
-1.2641079732616105,-1.2913418236232408,0.0
1.0745824723434416,1.4868815899958552,0.0
-0.5910339733802221,2.736844846284116,0.0
0.9540513230268375,-2.7990705347928744,0.0
0.8447119431373213,1.7619082102439485,0.0
-0.15297382575050023,-2.429907213737554,0.0
-3.7746505090755926,2.5232873676510392,0.0
-0.5230716992864284,2.994986449107297,0.0
-3.882683052548101,2.1456537352205833,0.0
-5.541721004870819,1.0500085541353221,0.0
-2.4961695442069463,3.076821198823673,0.0
-3.2374039833902715,3.181707401142633,0.0
3.95214068177153,-2.513460326695505,0.0
5.7459007683423,0.4254455378193489,0.0
5.229820444934803,-1.3877251255438887,0.0
-1.4241168698239983,2.8496753326453015,0.0
5.294334100295005,-0.873971648637962,0.0
-3.848149354513433,2.5765273430745843,0.0
2.1889629938272446,-0.7776430167667017,0.0
5.128837261907548,-1.0092543368957723,0.0
5.69954732030641,0.5620691626442689,0.0
4.691104652638887,-2.0526148771139985,0.0
-1.5591118719100165,-0.8022787843603807,0.0
-1.6934626610757864,-0.5389816154327778,0.0
2.9904430438256027,-3.0144141304684555,0.0
-3.616593771412182,3.0317541885661115,0.0
0.26106760076352264,-2.153172924188237,0.0
-2.1781923187643155,3.2703929652763497,0.0
-3.538389952290562,2.8441755816728507,0.0
-6.316894712630187,-0.8311091386790822,0.0
-6.204342964789103,-0.39153673723271565,0.0
-3.418607886852781,2.5292763258022304,0.0
-0.6821309122052666,-2.333092629011249,0.0
-1.1313282991021025,2.9072873634116636,0.0
-0.407187609400971,2.7320766486828103,0.0
-5.60033631995644,-0.04469007405755554,0.0
1.3287722950985894,1.2817519776218531,0.0
5.966083237219499,0.8820879619002853,0.0
4.421891066215155,-1.886214465660541,0.0
4.9473272466090865,-1.758951020675115,0.0
4.4254919632303515,-2.1571584316397256,0.0
4.8238642158887775,-1.565330200075985,0.0
1.914571187360409,-0.18176521027415304,0.0
5.5317048699725655,-0.5831222445347009,0.0
3.936450932062166,-2.786405918138411,0.0
-0.8599617378777675,-1.8116330254278559,0.0
0.9936194660917126,1.6382116347528939,0.0
-1.8391721320874306,-0.13741241630298018,0.0
2.166230128525905,-0.9917764300303281,0.0
-2.472596227328611,3.007854384192587,0.0
-1.8844570296180798,-1.0922536929878954,0.0
-1.6455317247058021,3.151449163915137,0.0
-1.2142559115027056,-1.1359850953439028,0.0
-1.069704503245757,-1.857996874086641,0.0
6.089851704036297,0.6513531809437834,0.0
3.5589278208706894,-3.233708919377062,0.0
4.934269630779135,-1.3978430532814947,0.0
-2.999772579909607,3.398770542964475,0.0
-4.614060598550441,1.9688029218318177,0.0
-5.7276465944331765,0.9217187872876091,0.0
-3.302094106475378,2.9907387481435737,0.0
-2.406612572444919,3.1639073975179635,0.0
-2.184287944686474,1.2195381834315624,0.0
-5.066459480644346,1.7587927815979008,0.0
1.1422312684830058,1.5507954254081455,0.0
3.9174028251320028,-2.557168764771836,0.0
-2.2796050811903488,0.6170448302876093,0.0
2.1577803937650017,-3.018966197761828,0.0
-1.344002155140903,-1.6067676236947808,0.0
2.2769737600938624,-2.556626630433656,0.0
1.1921755117173127,0.6273307619635224,0.0
-2.1357406011104727,0.8494001291599151,0.0
-4.189216297224071,2.640406355556377,0.0
-4.829874377143742,1.7150096226420275,0.0
-4.263395937527802,2.168933152915119,0.0
0.22174631142564527,-2.3481410375049148,0.0
1.9279696375768656,-0.40096931967584826,0.0
1.576428142721011,0.8810050601769992,0.0
3.4931754822753627,-2.311097797294985,0.0
-0.7409975258763288,-1.9267376713574853,0.0
1.3082936975298876,1.4171524619764688,0.0
-5.982991914951155,-0.2262792887615499,0.0
-3.11458548489115,3.019062987980795,0.0
-6.100684065397456,-0.9775113885142249,0.0
-4.552403126836369,2.3178435940352204,0.0
1.8331346966835103,-3.1185302201746556,0.0
-5.168545555928349,1.7201280813056044,0.0
1.1143383053766538,-2.879016561496684,0.0
-1.9207520765009276,0.6805974088212092,0.0
-0.35848600059497104,-2.113613848659223,0.0
-4.423410890760566,2.574007686352824,0.0
-1.4016271313733168,-1.542523942994658,0.0
6.041213738383211,-0.395485869426238,0.0
-0.4046772442016757,2.8449225658043784,0.0
1.1680489740955724,1.584107376271347,0.0
4.07102768117942,-2.5562430138854433,0.0
4.53144601232972,-2.0182010329885696,0.0
1.9864764230517804,-0.6749568058900768,0.0
-1.8440239747417801,-0.1092794450629605,0.0
1.7227210040025964,0.02705727646920253,0.0
-2.323212755248869,0.6908786198760659,0.0
3.8099706917937226,-2.403101811221436,0.0
-6.194655771519304,-0.7534183739311874,0.0
1.6238477291328293,1.5461998140536455,0.0
-0.7366400101511219,2.9097192840232853,0.0
1.659215063706157,-2.545765861508449,0.0
4.503895315753555,-2.2846871396177213,0.0
-3.7839642615490585,2.476395867393221,0.0
1.9968342123967955,-3.2737024424307872,0.0
1.678557835552276,-0.6453648938366373,0.0
2.3642725091285914,-0.18079847497147739,0.0
5.070493676097327,-1.4589179884886212,0.0
2.2286095994933133,-2.9496967551259754,0.0
-5.792145751500305,0.37453302707503133,0.0
0.9443124541845522,-3.0315893016435784,0.0
0.44723857805777456,-2.7455952762021485,0.0
1.6350848781766074,0.5496006942615899,0.0
-1.096601694042436,-1.63843804815887,0.0
4.415628472262745,-1.7549787257855054,0.0
4.007710076020331,-2.596843052149098,0.0
-2.171100962661991,0.3687310587572936,0.0
-5.621800111501367,0.8278995053906759,0.0
0.545686694849612,1.857938699690382,0.0
-5.140284948218706,1.5353834581349854,0.0
1.4872778822607748,0.3509989431502114,0.0
2.0169196016988735,-3.177136204682772,0.0
1.4648403185628798,0.7926954753135946,0.0
5.950023345853222,-0.20450013982681792,0.0
0.6945700107896466,-2.8280960286490324,0.0
-5.099409004925866,2.0348013266738465,0.0
-1.1875181381567905,-0.21620100776271622,0.0
-5.176371664586739,1.7603634179268433,0.0
5.9662018404974635,-0.005676313584976778,0.0
4.688436732322065,-2.062747803928908,0.0
1.7962383597315017,-0.9408065347535637,0.0
2.1918573977059745,-3.3691827798039222,0.0
-5.60233929496051,0.13628372675119005,0.0
1.5182283524103468,-0.6917660394643035,0.0
6.169034469081479,-0.35993899459205636,0.0
1.236184285010403,-2.639136659697968,0.0
-4.972164368061358,1.1754138831858043,0.0
-5.764332718536015,-0.26237797405181296,0.0
-1.382374216494545,-1.2350409617228253,0.0
-0.2813068559165064,-2.2694844699630616,0.0
5.983652008097367,0.12463628771483592,0.0
1.64054729819066,-1.1478717055152168,0.0
-4.900887708638364,1.972245761077244,0.0
1.704674481715525,-2.8497373697385697,0.0
1.587036555856018,0.7519368489388425,0.0
-1.0211296789479898,-1.7724235430818671,0.0
-1.985246654418853,0.5404699739210341,0.0
-1.229684757438076,3.10279766033079,0.0
1.9504973809849155,-2.9107546198653047,0.0
1.6962025084946144,0.047171238239237745,0.0
-0.5112201423560607,3.088097158587777,0.0
-1.4687697479927857,-1.500499217883732,0.0
1.213377848868031,-2.8765005697503834,0.0
-0.41174776095148724,2.6422244771257595,0.0
-5.318316395621375,0.8605260723209605,0.0
0.046387569768109316,2.5146512679821136,0.0
-4.836059892163669,2.1088324412177855,0.0
0.032759853254371585,-2.705269630855262,0.0
2.9949891803429356,-2.8389530822282834,0.0
-1.6110412362039002,3.0252780254401337,0.0
-0.9078221972487917,2.8349413637919922,0.0
-1.51361394118169,0.043222657230126194,0.0
1.6234660375013634,0.36969188840135847,0.0
-6.069630056908913,0.40169688732905007,0.0
-1.4028841142502249,3.0993319378161814,0.0
1.6525839080400306,-0.4539789910928752,0.0
-1.0628958005687825,-1.468627216826014,0.0
-5.807676679040934,0.3352598952667287,0.0
0.986120604782251,-2.841997032390325,0.0
-0.9682213325383735,-2.104562350742717,0.0
-2.1988844506496186,2.9458797571109265,0.0
0.5346811659815178,-2.7123099424910997,0.0
4.668216707243474,-2.094129046708596,0.0
0.37277899308877904,2.2319602826366345,0.0
2.252823812423733,-0.3303164042456611,0.0
5.5987563769903765,-0.9148412168072402,0.0
-0.01745867676254642,-2.576679683684866,0.0
-0.04126324436850748,-2.6746666791886273,0.0
-3.5799565041868417,2.5980699676056838,0.0
-0.34105205886480583,2.278424775120587,0.0
5.412767414480341,-1.1424960793543057,0.0
4.604466896697145,-1.6854445989225013,0.0
-3.066416880260537,2.9161378371308904,0.0
-3.080402028146692,2.602699352471007,0.0
1.5482453693863096,1.2582626796035972,0.0
5.442519938334652,-1.1522175117850615,0.0
0.2505248907087636,2.3870851882936317,0.0
-4.433233927512127,2.0854311204124496,0.0
-2.123709395997443,3.0703995506264983,0.0
-1.9234025636446521,2.9742414716791177,0.0
0.6691136342620512,1.7178653391614152,0.0
1.7523726094569465,-3.225077419631501,0.0
1.32503907751817,-2.971060033187439,0.0
1.4178038427899398,1.116284653328289,0.0
5.479983953766284,-1.0929878946127618,0.0
-3.2889509733010422,2.684863193102377,0.0
1.6589287624528737,-3.3235897426710332,0.0
-2.922315440690912,2.7370591161631292,0.0
-0.20234086415350494,2.473357410995568,0.0
-0.9054389558858098,-1.4235749532356834,0.0
1.1241960865284089,-3.0050149867438836,0.0
0.41704848567639763,-2.288881917782976,0.0
-6.102347937516258,-0.2523654875222575,0.0
3.0559524111754666,-2.4725628891595566,0.0
0.7197898390256929,2.013702321876479,0.0
-2.2849639480117103,0.6711099463685051,0.0
0.2868846100206386,2.3400160009892326,0.0
3.1773765721108784,-2.883052206499509,0.0
-2.517851050261641,2.577942260172734,0.0
-5.450562114971908,1.099877783601234,0.0
-4.282210191494007,2.26555056952192,0.0
2.3044189218539977,-3.2316456958834285,0.0
-2.8104818613788156,3.0179873343499253,0.0
2.90555542987604,-2.953766606927153,0.0
0.5352981682754705,1.9551256201361444,0.0
1.3794348978112598,1.0759296758687578,0.0
1.5748914020677067,-3.04203241341904,0.0
-1.0849363457524326,-1.1341201278607689,0.0
-2.1611390176885723,2.5489006792621307,0.0
0.5771769836358103,-2.646090903679175,0.0
-3.1782376580903464,2.397191436074811,0.0
-4.041890944178553,2.4710070741967587,0.0
-2.432115563177732,3.2294339545499353,0.0
-1.3604961829088609,-0.8641118355746005,0.0
5.739076392967029,-0.6943800969313133,0.0
0.5044718319675718,-2.8755664322057863,0.0
-4.151221521604265,2.540300656944827,0.0
2.1351949509460457,-0.6882487596287843,0.0
1.1112447904922487,1.2216456685787747,0.0
-5.794977122797617,-0.6476161340805459,0.0
-0.6901808564415299,3.075494014181606,0.0
-1.090662054636785,2.8439280232617263,0.0
-4.948317666222708,1.812928891468112,0.0
1.09033493358276,1.9817876111116348,0.0
-6.1826376651300015,-0.8487780838297112,0.0
-1.6623638807645058,2.8464118021670353,0.0
1.1561091881050807,-3.105056963318377,0.0
5.391640029629681,-0.8799300853269384,0.0
-1.4146137488823605,-1.1878318141515047,0.0
3.2789322829831455,-2.4856367950303926,0.0
-6.025034620248358,-0.3208416617583213,0.0
5.374820385317642,-0.8107882016932042,0.0
-1.3622939387198887,-1.0854603695444578,0.0
-3.4174078977133027,2.9498996216494198,0.0
1.4357180851210387,-2.966499569064147,0.0
-1.5134677342952356,2.851261796655852,0.0
0.6650349607411612,2.0507339062340315,0.0
-4.545232609408827,2.135586346770111,0.0
2.1360123258212305,-0.5241024022267907,0.0
2.9975142337408966,-3.049156221152936,0.0
5.827769518118775,0.6610259932556592,0.0
5.967300028698484,0.758139282218705,0.0
-1.8493886799957826,2.686852899746633,0.0
1.6254466032149009,-2.9816824279415695,0.0
-6.250988349237296,-0.9062303634575323,0.0
1.1817033096204193,-2.9975092075395855,0.0
-5.1529439385826885,1.0164473534296317,0.0
1.7066091693012817,-2.9665682513169096,0.0
0.12590428541031828,2.580455866991522,0.0
5.269793581682807,-1.201982620958194,0.0
4.725009623829738,-1.9518841789060084,0.0
-0.5954931272402861,-2.2273680619176677,0.0
-5.842666234278498,0.024504045904100602,0.0
5.844874020414929,0.815785396120543,0.0
-1.6265834802282217,-0.15858394861512604,0.0
-1.9218894812914096,0.6259870820010494,0.0
4.352967865926057,-2.1867881959411886,0.0
-1.8130155885730561,2.877095504112459,0.0
1.9861244926910389,0.18953125245162972,0.0
-6.601851586879085,-0.4567489379888334,0.0
-5.381278748045031,1.7801292746377482,0.0
1.4611142413275173,-2.7288794048856677,0.0
1.4972604943261687,-3.1480415995453037,0.0
1.366715107558223,1.3252340139709604,0.0
0.23993481082508605,2.2946894141258554,0.0
-5.849311585240819,-0.8321593629975534,0.0
-3.480932167622818,2.9894399054981178,0.0
-1.130856264580617,-0.9153407558697526,0.0
-5.978946422142341,0.08668196457498767,0.0
2.5445033643542585,-2.8443542460091025,0.0
0.7063286258496988,-2.8314694941173637,0.0
-1.204811476434052,-1.6125761940656453,0.0
2.655727884521405,-2.9335336809157666,0.0
-2.055049854852905,0.6904254220843049,0.0
-6.26343730031098,-0.07900028882648513,0.0
3.5407301329916363,-2.4367962869863824,0.0
-2.5479278413448836,3.1584606383738576,0.0
-5.770682650693134,0.3345546504299417,0.0
-1.5035412184710908,-1.391612294061088,0.0
-1.6388534596817748,-0.45026222549972816,0.0
-5.372401855441515,-0.37881261110746867,0.0
-3.0001154011080535,2.505837748413143,0.0
0.06169519840644844,2.181889785973241,0.0
-4.347415627645351,2.6967843354560235,0.0
-2.028681080774034,0.6252423290182505,0.0
1.7328095636988303,1.057375655789171,0.0
-0.8128189567568211,2.838302142278353,0.0
5.349660107312075,-1.2463239398112442,0.0
-2.2573092408203084,3.0942266293776406,0.0
-5.396525294152719,0.5578557224475427,0.0
0.7078588162884509,2.02764312521954,0.0
-6.151200283001181,-0.5666796642648935,0.0
-0.36413249063727493,-2.452071440459206,0.0
5.833371494588695,0.9296138606199997,0.0
6.247361968363554,-0.36542949307494554,0.0
-0.012561927070943613,-2.287940404020574,0.0
-1.9247556092515798,0.1900179080006319,0.0
5.911024950497987,-0.8537216062213073,0.0
5.362420549137337,-1.4910014505571634,0.0
1.357714173964649,-2.619263689531416,0.0
-5.68038040364649,0.6418072280757501,0.0
-1.557804306475489,-0.8189778243557257,0.0
5.8423516288636135,-0.5210252777236308,0.0
-0.3682174144553598,2.7262131955875666,0.0
-3.3595096363974273,2.6686944896093636,0.0
2.8252745799419756,-2.6878357389882765,0.0
1.5272914611288395,0.5463328212416034,0.0
0.7263573718379837,1.0543790123259753,0.0
-1.7162036185288987,-0.2636604290927145,0.0
-1.7973747775428646,3.087081503069447,0.0
4.314855168084293,-2.406520060051541,0.0
5.961941330680323,0.46173111877313944,0.0
-4.6392074679686655,2.2841852174992927,0.0
0.22570260010115062,2.3208328879441176,0.0
0.9887199867299561,-2.739683001736745,0.0
-2.0604123545624335,0.05945160630478519,0.0
0.6688383985119515,-2.775830361525218,0.0
-0.599970634654885,2.607583817443703,0.0
-4.824850794873993,1.9448668264235383,0.0
-2.071115785186917,0.4368538968343696,0.0
-0.9932080366171001,2.962248143959594,0.0
-2.879603850391585,2.857310877988565,0.0
-3.942491602338463,2.4445139214154206,0.0
-0.5984540267889311,-1.8805583551909353,0.0
4.037188363189246,-2.696365657741456,0.0
-2.9498546833985726,2.9784577123692175,0.0
5.1736959552332635,-0.7155927714648147,0.0
-0.7413233214275332,-2.2223120268884005,0.0
1.0561339883271699,1.1879233249788683,0.0
-4.768892203633404,1.7295004063756698,0.0
-6.173666731383904,-1.0362593296705802,0.0
-1.384229858363256,-1.1174009851806812,0.0
1.628730366811081,0.5287839685656788,0.0
-5.565098186714401,0.7638771274076748,0.0
1.2039310603358668,1.4874048686297594,0.0
4.479257953055751,-1.7210729793441624,0.0
0.2679639029323355,2.162684333867683,0.0
0.07544070648729795,-2.196708689345064,0.0
1.6607124692812194,0.8191578105284745,0.0
5.924988746350723,0.6248631041099428,0.0
-2.1446550138912945,-0.3251794306315411,0.0
1.7050433673526921,-0.9099978676002645,0.0
1.7575234031382938,-0.1857207057916358,0.0
5.9230466096387895,0.3379787862178141,0.0
-1.7990166384209614,3.007460310904647,0.0
3.312526682310141,-2.5089387465886306,0.0
0.856759591068375,-3.0882465848134535,0.0
-0.1366799240731409,-2.243780519425264,0.0
-1.4048620362335558,3.2816989397031824,0.0
-6.217264896574514,-0.7471364781445721,0.0
-0.021718721067779168,2.270801662955618,0.0
1.5685632847370723,1.162102069406806,0.0
2.3575869693796685,-2.9005909779261168,0.0
0.9434519920838325,-2.99108433172682,0.0
-4.044314879640799,2.548952138757929,0.0
0.69502864911688,-2.5096467702521332,0.0
-2.651037330184846,2.909179155231696,0.0
5.401002832258025,-1.167433937665322,0.0
1.8139043942505855,-3.0034997816583364,0.0
-5.271591228025467,1.384060492720034,0.0
-5.157906276553144,0.8449846795226101,0.0
5.980266150770627,-0.18972518722619325,0.0
1.039666146653642,1.5671265795706835,0.0
-3.4212505125645536,2.55497380772468,0.0
-5.516308784126633,0.9325907367283561,0.0
2.653823642587523,-3.091532628920981,0.0
-5.648237057078736,1.5737194462473099,0.0
5.416107638939286,-0.3879061297295029,0.0
-5.47963256623701,0.9642832842287672,0.0
1.6546347267820725,0.40567747101315743,0.0
-4.322652417291742,2.5879815004183686,0.0
-0.8164840460056202,-1.316451232267601,0.0
1.5960128681973886,-1.1716840671902986,0.0
4.509422157305281,-1.9869093898069126,0.0
4.3572021704851,-2.314631398889863,0.0
-0.3594143557996565,-1.9067818143006248,0.0
-1.8264382831005468,3.139730260959137,0.0
-5.506000118751309,1.4693315660007107,0.0
-0.5030642948926995,2.585043008060527,0.0
-2.8864747222117684,3.0875571185811577,0.0
1.2526022263220247,1.3391919199177074,0.0
-2.5622435039919096,3.103083684228751,0.0
-2.354272362315414,0.8039190492284591,0.0
5.9607082120472725,0.6516375700798811,0.0
2.5280694899807123,-2.972793577093271,0.0
-0.039911039719126684,-2.4619239710624017,0.0
-3.4075210894360057,2.896442913577739,0.0
-0.3094436844048678,-1.9909795167331616,0.0
2.870740940660749,-2.57840482508096,0.0
4.913594223169825,-1.96592535164464,0.0
1.6003202923685333,0.23047870741550502,0.0
-4.485545915419909,2.1298923357514252,0.0
1.437340786592305,1.0023649112608903,0.0
-3.9084237905877766,2.6035815014584562,0.0
-5.320486906615848,1.1673677803685347,0.0
-1.9557776248434608,0.19957980422814137,0.0
-5.8178152573216755,-0.09776038127221975,0.0
-1.6769004260815192,3.0351622122044084,0.0
2.1271098869929546,-0.22649287134011487,0.0
-6.249745732380454,-0.7314814416432556,0.0
-3.06759948572524,2.770020551643258,0.0
-4.550009738638305,1.8155153447584937,0.0
2.537919492301141,-2.984395943228275,0.0
-1.879251321378229,3.002215646996529,0.0
5.966711298435905,-0.8469123425735011,0.0
-1.7658612629710075,-0.004830191224374558,0.0
-1.546445978189488,2.9633486354686434,0.0
1.9741660786231008,0.14549007032479433,0.0
2.7340713118858604,-3.098905468997696,0.0
6.129691938838656,0.8768515668618824,0.0
1.0379262838997816,1.6335889553149054,0.0
5.208137489325982,-0.6484322047088236,0.0
-1.337955296640783,-0.8309972695035772,0.0
-0.7971903675250487,2.6712002010980496,0.0
-4.365287433709468,2.229249780814552,0.0
-1.7787325236544547,-0.4527650431227148,0.0
5.090119360735807,-1.900570209217896,0.0
-1.9071436773525592,0.2273427203185121,0.0
4.5592123172557715,-2.3157157498455048,0.0
-0.3276330535797629,2.547819369474561,0.0
-2.732745706523626,2.9104009411249665,0.0
5.207860665410579,-0.7342705864088577,0.0
-0.1848373840416464,-2.268267071114269,0.0
5.305330240965698,-1.2283590393887633,0.0
-5.0432076710087,1.0343719600781252,0.0
1.1101709770689112,1.3746993083862202,0.0
5.194140188480795,-1.9032011416438435,0.0
0.7352265343394788,1.6984811047753632,0.0
1.8905984040456394,-0.6433002622780872,0.0
5.881542422540782,-0.5752207071307012,0.0
-0.9250372455514286,2.4384340483621187,0.0
1.1605812174132675,-3.154576222729699,0.0
0.5309599769614515,-3.0611979922567394,0.0
0.43268799828716453,2.219130476023393,0.0
-0.44294442230638986,2.9217318746308907,0.0
-5.334936362762415,0.7835502893331585,0.0
4.4839956347670595,-2.033756745763858,0.0
0.8861031600348097,-2.9429360509639126,0.0
-1.4462652414332076,-1.0077220230568975,0.0
-4.425357322023405,2.363085802281196,0.0
3.726196266303961,-2.2909776067037564,0.0
-1.988020672081439,0.3163519550123517,0.0
6.016104637758557,0.6267197691246125,0.0
-2.8592590981132644,2.9040333237037403,0.0
-5.915762568550079,0.20377065973989228,0.0
-4.7023775999922695,1.882723771266749,0.0
4.376527553921134,-2.4109065014542317,0.0
-2.772647173370604,3.060530330241373,0.0
-0.4217561207358129,2.763608667856487,0.0
-2.73952982101343,2.9070430711666364,0.0
1.995596377269075,-0.5480441087103668,0.0
-0.7476568453464127,-1.7464001724441824,0.0
-5.2319182387113585,1.3360931145573063,0.0
4.7520201589312,-1.6062572709080172,0.0
5.852462472432925,-0.2730177407886757,0.0
-3.9908727686464878,2.5142773782981256,0.0
-2.3189189363208325,2.8533366885382705,0.0
5.377274711243395,-0.6852250943556095,0.0
-4.354614349021372,2.1574826762576675,0.0
5.920006443180502,-0.6426051484791704,0.0
-3.630593564466249,2.533220863170602,0.0
5.5021822119934285,-0.587389302948538,0.0
-2.6590684346806883,2.831924727010733,0.0
1.4121370848738906,1.0540411900463673,0.0
-2.316668795833466,3.0317432587266815,0.0
-3.789663646253996,2.4308820621188056,0.0
-0.01860754543142562,2.3655488659382677,0.0
-0.2941857442039284,-2.74755968958028,0.0
1.9655119829592271,-3.2182013010692994,0.0
-3.0195276932752524,2.932656469441152,0.0
-1.1862229460108076,-1.4144162859433433,0.0
5.351043308789861,-1.329746388936893,0.0
-0.8723442378708559,-1.956643180358836,0.0
2.095266985908572,-0.2827710032856863,0.0
1.7403117517540267,-2.7803543632655803,0.0
2.3630001707392925,-2.6671808730153104,0.0
-5.599651675608307,0.0076298931168108375,0.0
-1.8422893139092977,-0.6185344947055869,0.0
-0.6797285296789257,2.73577954475018,0.0
-5.892720941200866,-0.4904764898347084,0.0
-6.174670091171237,-0.6094853118134433,0.0
1.6982172564866906,0.45355547314144085,0.0
-1.746705252945441,0.31873201972248055,0.0
-1.9890832183159879,0.1864818132326147,0.0
4.006455697354651,-2.24045937049852,0.0
-2.197406064754854,0.28060939810367924,0.0
5.528526119721683,0.5675196851509146,0.0
-4.3519996719164915,2.3583175722976817,0.0
-1.56276436422657,-1.1074370818597254,0.0
2.241340117800995,-3.1765402978299924,0.0
-4.645415442627778,2.2093240296901127,0.0
0.7819153898185052,1.7293139541265088,0.0
1.7467901543833628,-0.9784762222610536,0.0
5.322936804492337,-1.392685358060414,0.0
-0.9639093778655492,-1.309570838403276,0.0
0.6519235412123181,2.1139485625764873,0.0
2.116745881849665,0.6866114486402579,0.0
-2.940118087811161,3.100032578314533,0.0
1.0223450331245756,1.9768155700243888,0.0
5.030837260638703,-1.9534938429216462,0.0
-0.29134533193866297,2.55960471519794,0.0
-3.7593838128974397,2.2243340142352777,0.0
5.960404340732556,0.6670816910844732,0.0
2.1736998880408995,-0.7602475980012282,0.0
-2.044039563803158,-0.6863904677744463,0.0
-0.9175472949279384,2.75016063797374,0.0
-1.2544286867066612,3.0253947804157377,0.0
-6.047921779961355,-0.6926038390041273,0.0
2.864983472386534,-2.681936102379588,0.0
1.429201369289217,0.5963866285772021,0.0
-0.4777361123597619,-2.0229629262276676,0.0
-1.7341287357640882,1.0184229441600627,0.0
1.8514353501874243,-0.5409143357980308,0.0
2.121230459759496,-0.5684062151627614,0.0
5.985365424970109,0.8382862850155219,0.0
-1.0487249686886793,2.931813543455813,0.0
5.171715271234414,-1.3753061269132336,0.0
2.0653570397417482,-2.864790444419188,0.0
5.421094617916369,-0.947777096590955,0.0
4.249233132610992,-2.5107385795967203,0.0
-0.04932875040069562,2.6067230995681574,0.0
-0.6571160601021386,-1.6207990636566874,0.0
1.5827142249710646,-2.9515060985886423,0.0
-0.3668363606824063,-1.9060240295243098,0.0
3.6897897101718016,-2.6061998960196666,0.0
-2.6002271213312618,2.6783744517142276,0.0
4.122542894535081,-2.2475151367937602,0.0
-4.589791206807988,2.0032662207588423,0.0
-0.8753426572199623,-1.708311085689441,0.0
0.6350770675443385,2.1082710894905503,0.0
-0.06390064372216253,-2.414758452304242,0.0
-0.42542474001630737,-2.2191670370171996,0.0
0.5459293632231117,-2.8218615770092628,0.0
4.313831365566703,-2.3722436499618427,0.0
-6.247236058393325,-0.6960208825833214,0.0
-5.4222053990296475,0.8069200310482347,0.0
-5.774073288383235,-0.4768970647979225,0.0
-5.236054336842573,1.6771898654892152,0.0
-6.006528244108469,-0.7068742021910128,0.0
4.897999885723756,-1.4759359671256962,0.0
-2.8856727024413034,2.5628298500100097,0.0
5.639314117023249,-0.6154291434489093,0.0
1.7094186662234994,0.6065459938829916,0.0
5.342801503329559,-0.42342654879838126,0.0
-1.9396282062728782,3.3913141088743552,0.0
-2.8133616084753994,2.4714867262780458,0.0
-1.8489900639488224,0.7206929524853685,0.0
5.155079229038772,-1.3004611682257792,0.0
-1.1638029792790179,2.987064544569463,0.0
-2.202593296503329,0.6440928354721882,0.0
1.8373307777386354,-2.992641239964804,0.0
0.13370571549594557,-2.9580486536046493,0.0
2.234813933844448,-3.169006593397345,0.0
4.524026691491331,-1.7594053090914983,0.0
-1.2176644596672328,-1.8659962805846781,0.0
1.9021935907643246,-0.4081101131493471,0.0
0.23887798989375542,-2.4260356203650835,0.0
2.1792288411742,-0.24159062943668308,0.0
-0.497761143807826,-2.3185896501918974,0.0
-4.932237238419914,2.1044715127379026,0.0
-1.262690982822622,-0.6894980202378971,0.0
-0.29809209744234977,-2.1256117814886846,0.0
1.1212521084944314,1.8434320089838203,0.0
-1.7857695834921845,0.31350204667977954,0.0
-5.576653471821315,-0.42757505253201133,0.0
-1.7577242170663065,-0.5767139632068164,0.0
-5.935593706353171,-0.6316862156825392,0.0
1.3839445587025008,1.05254993562728,0.0
-5.956578869979499,-0.57395521077573,0.0
-3.968799927194716,2.1190845597000747,0.0
-5.272669657505677,1.253675672961235,0.0
0.31321229847269194,2.3238149658337695,0.0
1.637546974465451,-0.9032435768367493,0.0
-5.559366781975902,0.16053340370973945,0.0
4.814390723896645,-1.6916980769097305,0.0
5.728155329957573,-0.5270514629007288,0.0
-1.787902343227128,0.4621670455115754,0.0
-6.299887667797358,-1.125964539215147,0.0
5.505719120171615,-1.1699367307953297,0.0
0.7441701208771008,-2.6653175464924552,0.0
-4.937506056577579,1.7238589884114415,0.0
-1.4798057070855655,0.002167969786715851,0.0
2.1943030082734998,-2.902860289294728,0.0
0.06640795739597882,-2.9080832411068873,0.0
1.176982537181802,-2.52061915426357,0.0
4.05771976440262,-2.0407385847952604,0.0
1.0445325958918197,-2.83779324222498,0.0
-1.1037265471154059,2.797395555612304,0.0
6.128767023595296,-0.21419219778621856,0.0
1.6049485318804444,-3.112648350951595,0.0
-1.4219732098967057,2.9069248299078025,0.0
3.069994160809319,-2.7999212848490367,0.0
1.1143435503594343,1.448286135247633,0.0
1.9879563728720262,-2.9854446718868655,0.0
0.028813308747017707,-2.4384854547931702,0.0
-6.0295801491747545,-0.6961023975297456,0.0
-4.419846607192701,2.5387621586612754,0.0
-1.0762175837392576,-1.4935709480495656,0.0
-4.994007560033543,1.640978077551432,0.0
6.056823018681335,-0.24020143268755367,0.0
-1.7384696874937058,-1.6340733482842449,0.0
-5.872034863005595,0.8324359373576171,0.0
-2.4520768360165057,3.033071793425105,0.0
0.7627751913066634,1.6204572416090346,0.0
-1.7080897152333274,-0.05813446439418868,0.0
-0.8320225836602826,2.801935799890015,0.0
-1.8717422525789202,0.48693650744773387,0.0
1.6894463815926053,-3.143079148239295,0.0
5.694209088739369,0.21022074597595664,0.0
-1.8172969316673488,0.7074070219800812,0.0
2.9034698037920847,-2.73664423204756,0.0
3.0433291812371497,-2.96491965164935,0.0
-1.9985016684127468,2.955026512054445,0.0
5.414399712846836,-1.7243485482473058,0.0
5.7435958707861765,0.27355331848386344,0.0
-1.4840306955335736,-0.6527439504890458,0.0
-2.1474172551839663,0.8517551035942605,0.0
-2.0109429826552163,1.1068324299031977,0.0
0.591289615927542,1.9495301910295049,0.0
-1.4066223027533602,2.925426622724799,0.0
0.9654802434762964,-2.8699353154066114,0.0
-2.1365638820670236,0.32175923093081016,0.0
5.559004348951731,-0.9589209268465796,0.0
2.6644085191311255,-3.147284511420878,0.0
-6.045638140830423,-0.7400544273959888,0.0
5.812926299643827,0.7756943596113226,0.0
2.3982199710819234,-3.055036624921093,0.0
-0.7927426175968195,-1.9539735884241165,0.0
5.189990052792743,-1.7797662798998957,0.0
-1.8134980903471312,1.0028460890295716,0.0
6.0060991147015255,0.058013946204920064,0.0
5.733604712693401,0.12491591126549828,0.0
4.132941030451357,-2.421645420349741,0.0
5.412024270778449,-0.9033077610801084,0.0
-1.2926208598826507,3.0516061113811093,0.0
3.629824595093461,-2.8828998366872853,0.0
-1.9551910481465333,0.9883505372588006,0.0
5.743279483668481,-0.6531889988243256,0.0
-4.2393669127974825,2.6972049902760165,0.0
-5.600480288023624,0.6359503711741181,0.0
5.664771347398835,0.10007059741109092,0.0
1.6178563701361175,1.0135865439839669,0.0
0.027752004549256526,-2.357854581274556,0.0
-6.236873858891734,-0.07634438782464148,0.0
-5.724107109051031,0.0028639945637221054,0.0
-0.5370873606159097,-2.3472767847986638,0.0
-3.6195392984993333,2.443115838923627,0.0
-5.880460233813158,-0.12879365957500333,0.0
-4.309683747487384,2.4503794545572215,0.0
5.458392276564072,-0.30856961732812016,0.0
5.707322642566141,-0.23204959857982344,0.0
1.2683894198655876,1.3780557891303244,0.0
-4.737394450832195,1.9675320932358233,0.0
-2.150308536986854,2.786116874436803,0.0
4.986322601034206,-1.381124221376383,0.0
-4.399918936596993,2.4565400366668904,0.0
-2.9722813706856757,2.9597268029541204,0.0
0.8881702541062291,-2.9801818306229366,0.0
1.8055459775881237,-0.5128655242784793,0.0
5.431615022733178,-0.9172051411771036,0.0
-5.850163307470337,0.17734115245463178,0.0
-3.7277477237079495,2.5252634987095446,0.0
-4.680480983891462,1.998704845799824,0.0
1.6732467159690505,0.4544476930150967,0.0
5.465864783954033,-1.0162554367894152,0.0
2.9030477324554216,-2.7624069421968525,0.0
5.654712622295939,0.34909440015990967,0.0
-2.8944764523255087,2.812692509355885,0.0
0.9116599262002119,-3.009583064438549,0.0
1.8159814711913338,-3.027157023843127,0.0
2.1662114724644637,-0.5317765393777834,0.0
5.909210265092978,0.7765165950601229,0.0
0.910935853847676,2.035202540375774,0.0
4.374821509071507,-2.1782263152330783,0.0
0.30669209313854173,2.125622781510193,0.0
-1.8479284163460845,0.6293336941266086,0.0
-3.073035090359138,3.042536317742142,0.0
-5.190825911450893,1.2960817623916778,0.0
4.999124674169058,-1.823379591090942,0.0
0.4447226109866085,1.7717826143656388,0.0
5.97730347895966,0.8908662080238212,0.0
0.7983464834261604,-2.9063523492298717,0.0
0.5185299776040453,2.3200894946049906,0.0
0.05697252484726567,-2.956878104877777,0.0
0.7631031118295599,2.2414589063791914,0.0
0.9819122949358285,-2.8325159420688903,0.0
-2.6534136841840734,2.9241691178906746,0.0
-5.820602152043343,-0.07478961670587547,0.0
-5.814338712178007,-0.4893006536276855,0.0
-0.9072940127782398,2.7875298494977825,0.0
2.1571323554572137,-3.430183228495295,0.0
0.03486049859211837,2.34396932756286,0.0
-1.3142426297747316,2.9094273674843,0.0
-0.4434918731090127,2.6554059006113286,0.0
-1.4985185008924395,-0.6099415323197093,0.0
-5.166387565482291,1.443885617644391,0.0
-5.801856323143544,-0.6495559685372754,0.0
0.39843665677390083,2.682443294601872,0.0
2.9906687056561125,-2.901907787863591,0.0
-1.1009664392391179,-2.0809542681255153,0.0
-1.2125934664284446,-1.7931764532824752,0.0
-0.13056599320271967,-2.4627862161031673,0.0
1.7033227742267942,-0.4457232573096811,0.0
3.819554968915922,-2.586652683396775,0.0
1.6687243789054333,-3.1448262971488026,0.0
-2.194320790564819,2.9206903075111263,0.0
1.8267617229434356,-0.6222561700201145,0.0
-4.15508862608031,2.144027409385967,0.0
2.013091216908818,-3.2354588291034396,0.0
-1.8667471141673508,3.276239052749365,0.0
3.1544938611924023,-3.1254260480034644,0.0
-1.9926475144240468,0.46781037918112545,0.0
1.976918650133828,-0.1693436829413787,0.0
-0.4114173059669386,-2.371828132065599,0.0
5.037498498298457,-1.499148552516007,0.0
5.785480622489416,0.05202613157011515,0.0
2.083674624442345,-0.24301430647514588,0.0
-1.9903961758592907,-0.649490543592183,0.0
1.0557571105868075,-2.951526274527536,0.0
5.476573439178923,-0.06672887303208985,0.0
4.504385321447359,-2.4208055837741442,0.0
-0.7258025605442076,3.030215390692968,0.0
-0.2277577879026762,-2.5582997974010553,0.0
-1.7477081755866282,-1.055964382332253,0.0
-6.334874186951702,-0.6675707851851742,0.0
0.9150250122552537,1.4367250825034312,0.0
-0.003407314790738747,2.574584377042159,0.0
-5.487474872410019,1.315444156966516,0.0
-2.109203225782335,3.1555057751726068,0.0
2.485078925732015,-2.868431607242422,0.0
4.063568501307654,-2.153171885760579,0.0
-1.0744705332055213,-1.4106684008303012,0.0
-2.2954935121670683,2.945252687598348,0.0
6.12545426672774,-0.014725940168543006,0.0
-4.037926039903013,2.5135280097654404,0.0
-5.986083829400341,0.1683644696358415,0.0
-1.0214517941922607,2.793431369459989,0.0
5.274468007896116,-0.9640235825419556,0.0
-5.498989320801785,0.9305415457069244,0.0
-0.20867197599128628,-2.516907742463775,0.0
-0.365237562163921,2.7864509533018396,0.0
2.8255698216021345,-3.004591516477527,0.0
0.6913760449214381,1.93280571014109,0.0
-5.140603823853051,0.9629787884791745,0.0
0.3995088832580427,-3.0363843370222865,0.0
-5.786662011318681,0.21325756270531748,0.0
-3.0297392657809095,2.871318841861092,0.0
-4.540713752612876,2.4515284988313635,0.0
-5.6039924014802445,1.0319054002883337,0.0
-6.242008690422255,-0.9532275470018601,0.0
1.6736670459693954,-2.8339119003885456,0.0
-1.677407316259726,3.0353776925581952,0.0
3.3305899275531967,-2.7565752678996995,0.0
1.6824007065075297,0.6215110620129238,0.0
1.689427358277868,-0.745861086743821,0.0
-1.187717169585492,2.8524127159354706,0.0
5.988479649100229,0.38915180306372,0.0
0.5930299681914075,-2.8156729572216364,0.0
5.616547049900077,-0.3940051548219963,0.0
-1.5367655474441904,2.9542961714302995,0.0
-2.5477235651359456,0.6306455744937847,0.0
4.729993781336922,-1.8775887864106018,0.0
-5.642874347822156,-0.13840261591109382,0.0
-0.5463694926640723,-1.7298085202644233,0.0
-4.758431795743766,2.1054505312289677,0.0
-5.392489476063366,0.814725730396924,0.0
0.0959414724129819,-2.730437705910856,0.0
-0.7907703885319075,-1.5943475251023183,0.0
-4.443865000048159,2.046715669556134,0.0
-6.114108742935827,0.38885384950338,0.0
4.168658153803866,-1.8802366776902235,0.0
4.132856799359966,-2.363549768576965,0.0
-4.327379869150107,2.408322741059649,0.0
1.5987828111079678,0.705097481243381,0.0
3.6675620843197105,-2.76723906954612,0.0
1.9895197098246764,-0.03126561129049188,0.0
-5.321540938507228,1.6164545818954381,0.0
-2.004539638705309,-0.14564074828325035,0.0
-6.080108810929704,-0.47048276139230905,0.0
2.035875339532197,-2.9531676381060503,0.0
1.811584668215085,-0.1980932940773572,0.0
5.720780069472558,0.22017441507046076,0.0
-0.9882714703617537,2.9486432848871282,0.0
1.4251666198509265,1.0153676607508064,0.0
0.43482289362562554,-2.815726863984584,0.0
-1.5163698810295976,-1.1680683101977114,0.0
-6.360939902237291,-0.9396932945098458,0.0
0.37039971272750183,-2.6641180614849223,0.0
2.880083157689783,-2.480160906203796,0.0
-5.646178878847355,-0.029461432558862133,0.0
5.318723152983421,-1.1827896575672958,0.0
0.48455822191131803,2.2582667544919954,0.0
1.3826591857326687,0.7811494852109182,0.0
5.584363143616343,-0.3907013301947031,0.0
-0.5089300311929055,2.898739409855231,0.0
1.7190663707399088,0.35425517521305583,0.0
4.889199147495824,-1.830157872294666,0.0
-1.8620071142536438,-0.6930496361218259,0.0
-1.7929732294535385,2.920272217922866,0.0
-0.175930625099618,-2.4928628163882878,0.0
-0.48563401392233274,2.731236803357844,0.0
-3.556200697992957,2.3267070697180605,0.0
-4.227972834367796,2.629865289735671,0.0
2.0336440279684203,-3.0862622750463227,0.0
-5.158649717599562,1.747840400269086,0.0
-1.7791906085354163,-0.13207863927034014,0.0
0.8184466754548896,1.7812890606992933,0.0
5.3089220019510925,-1.3779632593459783,0.0
-5.764069344379736,0.8258061172766744,0.0
-4.351810974280334,1.9759141159837594,0.0
4.345397602154997,-1.9125211243428983,0.0
4.624166499920819,-2.0216126218801165,0.0
5.464691482847681,-0.26067157772694427,0.0
-5.171821512121973,1.6500093474098407,0.0
3.5871159711284815,-2.78865289779947,0.0
1.830903018340694,-0.3944509159713928,0.0
2.3065564617283894,-3.079837270687686,0.0
-1.9945004954740126,2.7493745904411298,0.0
-3.3212410959012226,2.630997128712352,0.0
6.062416807028857,-0.2500842698748277,0.0
-0.7737125308671777,-1.8325067430844801,0.0
-5.887894322881767,-1.27177914172216,0.0
4.651256365776624,-2.108507769657132,0.0
-1.4773050839430097,-1.1344386401128728,0.0
0.9623988185281211,1.5259161163085784,0.0
1.7017868803229241,0.08309157666253109,0.0
5.138928721142133,-1.6576109367966478,0.0
4.97895261347812,-1.8068016106784461,0.0
1.2787659761409986,1.2891740362258433,0.0
5.170608446083434,-1.6254761839509864,0.0
-3.1692592656553824,3.002729802572789,0.0
-1.3563123044162313,-1.53293501680233,0.0
1.862411402035788,0.08557000833414907,0.0
-1.5819081740378023,2.8111414642907886,0.0
-1.0569239471579408,3.01523082880939,0.0
1.4924236181259993,-3.125377581898968,0.0
2.6859118559045383,-3.084876744444911,0.0
5.12343694532931,-1.0311680476523486,0.0
1.6915114637258473,0.21244459000791704,0.0
1.8702581502539641,-0.6608259927994662,0.0
-1.937061245174709,0.3002116358634046,0.0
2.876173526995257,-3.1578762485407763,0.0
-2.331894054562525,2.8341561217811315,0.0
3.307511018629496,-2.514855998767494,0.0
-1.4142857371226163,-0.7672920107152941,0.0
-5.7472436842375245,-0.2277941611547062,0.0
1.0416745631445723,2.096524346700802,0.0
3.710489122355889,-2.3113059701634646,0.0
5.893360368965981,0.8198539451878184,0.0
-0.22935477051406328,2.4237569996400206,0.0
-3.6051561889469457,2.8429666483213336,0.0
3.0608410334348326,-3.2844503714911277,0.0
0.7551893261736691,1.7974301529504357,0.0
-1.6114116992625145,-0.575413022592302,0.0
1.1081684177860907,-3.0439861492020563,0.0
1.6352499329531494,0.17489217544704005,0.0
-0.2711759566307981,-2.408022522050444,0.0
-1.8185608946501817,-0.702554092911593,0.0
-4.843479218162244,1.5122886436207783,0.0
-1.212700993559663,-1.5564820256393,0.0
-0.23606116377920427,2.762303109195284,0.0
5.480742553226518,-1.2742334584397086,0.0
2.9148449739048443,-2.7585893449992076,0.0
-1.599150994655984,-0.023448328815950603,0.0
-4.6150845646712035,2.243609314340733,0.0
-0.3126969486234845,2.7238380266127464,0.0
-0.4802967297422682,-1.949292155738987,0.0
-1.7972596725405268,-0.0825059998308435,0.0
4.143477119633938,-2.556647684610376,0.0
-5.867254437593262,0.45771578802626456,0.0
5.11077390859493,-2.0822043823463865,0.0
-0.45564739821788525,2.6184850579137278,0.0
3.4440666195879306,-2.5535122803650454,0.0
-2.3517480290472506,3.034579681962926,0.0
-1.101237120071333,-1.6125083626715548,0.0
2.94424075292987,-2.9231084752322367,0.0
5.287653138370382,-0.921118120587576,0.0
1.5105109473472287,1.2236074243315844,0.0
-4.219587794501856,2.327233766997996,0.0
-1.3045773480073164,-0.6543205702344908,0.0
-0.1404374244177926,2.4452108745941183,0.0
5.7416917397031355,-1.1077214187019253,0.0
-0.1405004028590715,-2.734875557098575,0.0
-5.6690175579046125,0.11553939003008251,0.0
-4.070634836889361,2.3790064198122254,0.0
-2.5373591654855194,3.2706961851959777,0.0
0.8884489205490924,1.794822727409473,0.0
-2.129079209569654,0.27624145534355726,0.0
-4.16209075540273,2.6836007929078782,0.0
3.4861742927912065,-2.638882057330112,0.0
1.06486828298176,1.614291202660843,0.0
-5.892564880137279,0.5623727084360262,0.0
3.7749050783205407,-2.213053537060078,0.0
-0.16059358055180772,-2.560465933590893,0.0
-0.8747584905082957,2.752709763560073,0.0
-5.897659485927784,0.9806148743340597,0.0
-5.061050906095204,1.581014077040226,0.0
1.8564631825045024,0.030712014047730385,0.0
2.5952148886338477,-2.591706725321585,0.0
2.8321273004366816,-3.1162549808577964,0.0
-1.2144184023994167,-1.9554841144011508,0.0
3.5818399526396014,-2.335116128902733,0.0
0.4572148161002576,-2.7963703637744963,0.0
-5.586410188924644,0.38196906910467976,0.0
-0.7080039933337425,-1.87790301621636,0.0
5.847118728878347,0.37047398509871865,0.0
-3.1675619253289304,2.936346738130428,0.0
4.258893702263787,-2.7056052516630804,0.0
1.4054826458117988,-3.365137354210458,0.0
-5.144311124616506,1.3881280653981656,0.0
-2.240544802657479,2.7238064589896984,0.0
-3.3218037286095186,2.8842158027043787,0.0
-2.096789223241617,3.234811542357755,0.0
1.4661338162142838,0.5514591929837032,0.0
-5.493239927128919,1.5905132917526932,0.0
3.9464206493319693,-2.306570611369725,0.0
2.15209018783811,-2.9428616861465704,0.0
0.05509856503201993,2.932015126218213,0.0
0.9285562056025962,1.7034992860173794,0.0
-5.752337072424379,0.23304511703435038,0.0
-0.9596376787937335,2.767427940133158,0.0
-4.763935895161744,1.7961153143503625,0.0
2.2138678789125006,0.23169159078246526,0.0
-1.946389628532449,3.084545949220317,0.0
5.708172696439034,-0.17660424931171248,0.0
5.290064349593923,-1.438105476470271,0.0
-5.23515710254559,1.2239850344715268,0.0
0.7084377424474653,-2.591094443643394,0.0
-0.6311517322626128,-2.1014538780320553,0.0
3.761414963389747,-2.4248092413290467,0.0
5.6891158150686545,-0.11712266850446384,0.0
0.9490419865524364,-2.7554240517936486,0.0
-2.0716131831341107,0.5277660166980653,0.0
-1.2113170389224077,3.119481830647148,0.0
-3.5025511346302096,2.6450014440157434,0.0
-0.9014267405766416,-2.233767878116682,0.0
3.675977427690328,-2.6804350862191715,0.0
2.8423835307982213,-3.071804516329522,0.0
1.5024753329252696,0.918960197017765,0.0
1.238594699659604,-2.757699287059479,0.0
1.8389352636597396,-2.6774493363639724,0.0
-0.08579794060958568,-2.1622890345767196,0.0
-1.0245834124120567,2.834624812060527,0.0
1.5726299917363247,0.865567768597409,0.0
-0.3388937184556693,2.238347606350258,0.0
-0.09679674572836139,-2.3882378245869855,0.0
-0.6967177123645643,2.987229606145647,0.0
1.629178950338399,-0.022898251854848506,0.0
-0.6761777944053524,-2.179299328688418,0.0
1.0092144407238055,1.4517220555447183,0.0
-2.3371381404077263,2.886140568743736,0.0
-0.313577285065763,2.830134892996748,0.0
1.8529601390939114,0.3164070835763877,0.0
-1.9254409312109322,0.02760134557519911,0.0
-5.786954737808024,-0.6672561476923281,0.0
1.4970659770623218,0.7751922803794957,0.0
-1.1734311943022515,-1.2066867948493087,0.0
4.916358647985371,-2.1417826910303877,0.0
2.001062886686471,-2.9970963311261363,0.0
6.309156360244128,1.005144913748608,0.0
0.5725842789128661,1.9211869354126176,0.0
1.0478680698078064,1.4605380565324806,0.0
5.243123166256898,-1.7136786865253724,0.0
-0.012119806090939322,2.383414468175575,0.0
1.5513239789655109,0.8360179313577218,0.0
-3.256327981882868,2.729131053705008,0.0
5.6583160628962474,1.313417519970618,0.0
0.09048344721390711,2.505350948529979,0.0
-1.6595781582579088,-0.3345177784049387,0.0
4.865211494541946,-1.693875041227261,0.0
0.9759073648328092,1.5436933875815955,0.0
0.9528483014128111,1.629577980296363,0.0
1.4165802023619039,1.0053084325735053,0.0
5.997635449674779,1.3838994510708917,0.0
-0.5168948824361443,3.094579174765901,0.0
-6.052024297667581,-0.7609837245529761,0.0
5.936022979180571,-0.2640752065523755,0.0
-4.493983134225036,2.591397812761351,0.0
4.567053982831673,-2.0037693186161247,0.0
5.640113342864327,-0.27482230884993575,0.0
0.004282041334334963,2.3406612849856088,0.0
-4.010667825177322,2.7340520486846,0.0
-1.8158367701667628,0.6245632943973947,0.0
0.9051038463199812,2.4281864002335154,0.0
-1.9588810886201122,0.47128770697107125,0.0
5.620963472063763,0.5054780478638474,0.0
-2.557693135009729,2.914844763225721,0.0
-1.6404445902469362,-0.7586961057209177,0.0
-0.9321202268282014,-1.7461289181669537,0.0
1.7490549754096891,0.0657606861448432,0.0
1.562864966079594,-3.087557964067433,0.0
6.126322678292258,0.18128479857847646,0.0
-3.5704566145974264,2.2580176245351207,0.0
-4.433583203515591,2.5402052735223966,0.0
1.845327763836409,-0.8550743716218622,0.0
-5.730939013358439,0.8512905295632329,0.0
0.9713415457918373,2.020713276589713,0.0
1.897105364974335,-0.3310056907324911,0.0
-1.5756711775118015,-0.9729283383836063,0.0
-5.8395211664490425,0.053211861407609584,0.0
-1.2006121022653204,3.221861285966882,0.0
-4.471702818231044,2.5108010072007567,0.0
-0.41541178093021913,-2.226075632817106,0.0
1.6083784779909234,-3.0184747651404265,0.0
-5.347134669786106,1.2887737675514939,0.0
0.3103118997515186,1.945582090618597,0.0
1.217801220507476,1.1757996787340175,0.0
0.6862865125901632,2.2730014091981636,0.0
-5.6479080198909735,-0.0020566179973934284,0.0
5.61617719543585,-1.098970452633355,0.0
-0.9015263513931335,-1.5623887202853912,0.0
-0.23764544536971366,2.6599999906774605,0.0
-0.07660645186964965,2.4322302199872574,0.0
6.028452576168833,0.9202895859964184,0.0
-5.600686578636257,0.26053760570265094,0.0
5.227657191749545,-1.4418273159631063,0.0
1.2246263338366479,0.9384261102800662,0.0
-0.6572055553087588,2.5875032368861324,0.0
0.9497286249921641,1.316096876051652,0.0
2.287342561287786,-0.9622446949942535,0.0
4.951605766746584,-2.0854417197547575,0.0
-1.9345835692939823,0.11451957350073405,0.0
2.0286250867895133,-0.4262045286721947,0.0
2.473298140903455,-2.861581546485592,0.0
3.9431302804245405,-2.650843584030673,0.0
-5.60208311731772,0.6478231158600576,0.0
4.500943620538364,-2.195617122302739,0.0
4.324359161044664,-2.130100466399453,0.0
0.4676558586325976,2.3253653272506947,0.0
5.677244677508407,-0.21776257066249505,0.0
4.300465918047383,-2.0936140990583336,0.0
6.165721563776559,0.33251303372421437,0.0
5.687434529859178,-0.20780932924118578,0.0
-1.0222963972175592,-1.9480606090407204,0.0
-2.0374747001071123,2.964190639936822,0.0
1.7953373979715144,-0.143120128292323,0.0
-2.4604974458164697,3.0415424488677187,0.0
-1.6235189001230865,-0.286930914834961,0.0
-2.623640674060048,3.457970065757854,0.0
1.3644651742993341,1.2648330431983945,0.0
1.8066546091743705,0.5383377240136733,0.0
1.3930654845532602,0.21561940006788372,0.0
0.44749000631617797,2.363207951251409,0.0
-1.7777323609883133,-0.5701788957490039,0.0
-2.062626927996012,-0.05690685806973361,0.0
-3.6666359506418345,2.447168410125187,0.0
-5.159534117498602,1.8359603090864822,0.0
4.277947037914604,-2.540449982906668,0.0
0.8656730910341612,-3.1859278912440736,0.0
-3.46342497465986,2.9448432315803057,0.0
3.7701363856287005,-2.61688934238406,0.0
3.6212900424416627,-2.750592401448668,0.0
-0.9127270851741629,2.5288093497654938,0.0
-3.3426882489175815,2.749943639334518,0.0
5.959276242693059,0.47419169362585833,0.0
0.45452099853427264,2.306949769938928,0.0
5.306514872322105,-1.7033926061833775,0.0
-1.5640408564829784,-0.7401788968792102,0.0
0.18358673328600528,2.630688780243546,0.0
5.945224182224298,0.7204324111516351,0.0
5.549190530995078,0.06908943875153195,0.0
-2.004306643428792,1.0072607297168816,0.0
2.0874646587733228,-0.4496984579805524,0.0
-4.843416774309984,2.092685769979299,0.0
1.5727293151191537,-3.3041113978232404,0.0
-5.200065804640019,1.6056321253382384,0.0
-1.7080910521725854,2.7485131820440247,0.0
6.052029138962023,0.7689182593259356,0.0
3.4365478305342734,-2.526648981811584,0.0
5.961061313855204,0.8223824086071021,0.0
3.5660303545470464,-2.769714381561433,0.0
-1.0462298766232565,3.0767568382075474,0.0
-0.23638475486438804,2.3709750683286797,0.0
-3.9186920744655,2.5492288994557044,0.0
-0.26164914303132525,2.6637798393218297,0.0
-1.2841768662846023,2.827226924088379,0.0
0.6580043548267445,-2.49504885353476,0.0
-2.033034631389489,0.3713470121768374,0.0
5.951578423611752,-0.3830682451925098,0.0
1.5688095640450772,-2.974969662399352,0.0
-1.8173888611180729,-0.8119684772743008,0.0
6.0094076022463,0.12443438735564794,0.0
-4.932193347835446,1.7121804239193694,0.0
1.5554554243950678,0.5558729035507362,0.0
-1.6609220099556246,3.105173172818243,0.0
-1.3951790804215816,-1.4964693090482506,0.0
-4.500073841686856,2.1438200054135854,0.0
-1.5005675450726532,-0.7619650930896751,0.0
4.218130824498623,-2.289265634208511,0.0
-5.71737258070836,0.3487121371886164,0.0
-1.764821454165117,0.04283694919813863,0.0
-5.848188470574153,-0.48747978364373123,0.0
-1.9735661679595962,0.5261781202681484,0.0
4.923588370917568,-1.7890617440622325,0.0
-0.8914871481284952,2.87111943284265,0.0
6.381224240063824,0.2887038596385887,0.0
3.8088287478247844,-2.383483752344452,0.0
-1.2236443536608665,-1.2427803601213694,0.0
5.76849547682315,-0.9472575441228597,0.0
-0.9604319371141778,-1.8094359716268573,0.0
4.335839688230475,-1.834519709413672,0.0
2.1208888292671917,-0.8124416497267124,0.0
-0.39099699678519095,-2.2374092958206555,0.0
-5.184527108654317,1.7947098856362684,0.0
-0.9484330597645387,2.898202432278473,0.0
0.7932836393396472,1.9135726191642703,0.0
-0.8734260606221869,-1.9286271421360524,0.0
2.4258661645394817,-3.0910428375591286,0.0
-1.8678674971901743,0.5632061627374925,0.0
-3.901878146782579,2.518604420251677,0.0
5.781765624500333,0.39272669189642273,0.0
2.1301687338415043,-3.090862271949696,0.0
0.43500086472603927,-2.641624917407549,0.0
-1.7904899394639902,-0.5258273570151059,0.0
-5.298657516839245,0.38822400285956493,0.0
-3.3848771458987787,2.776025827203411,0.0
0.7483452483319448,-2.9535042919537915,0.0
3.665967192716666,-2.9639318534617516,0.0
-3.6492599351616715,2.8187854054158197,0.0
-5.602295386831333,0.27275424270854987,0.0
-5.722506041093364,0.880066647358059,0.0
-1.2303241087430883,-1.6861685308655456,0.0
-0.9630149800301868,-1.6328882400676512,0.0
-4.293817899030702,1.9559256585935123,0.0
5.2522884514527,-1.32984135142501,0.0
2.7557102740909656,-2.7786845365133876,0.0
-5.19676492028281,2.3575699146980074,0.0
6.20650453985367,0.2981962221025587,0.0
0.18568643310782917,2.318555452710754,0.0
3.3061214340703904,-2.858576481993339,0.0
4.907911220003094,-1.0557173433605387,0.0
-1.4448895502420678,-1.113640032756043,0.0
4.266708806515533,-2.35476421371123,0.0
-3.443854945299093,2.8025991343394563,0.0
4.874465970643719,-1.7315393260306193,0.0
1.652874616992738,0.4433456776140807,0.0
-1.8482442437397784,0.7341713080666437,0.0
-1.666507042331192,-0.0421514757228626,0.0
-5.326430185631821,0.9629175484858838,0.0
-5.299186994618576,1.3690016150603328,0.0
-3.1563702238500833,3.1632806588590086,0.0
5.7249792635353005,0.715578673182705,0.0
-1.1633895632844413,-1.6786285497235909,0.0
4.084721437987498,-2.4889985090798934,0.0
-1.368855438242001,3.1839494704288747,0.0
1.6311955223470869,-0.01923643730353297,0.0
-0.5586705691179872,-1.891191861829918,0.0
3.0636246847325737,-2.970825795465873,0.0
-4.756285427335749,1.7546866424068175,0.0
-0.2729430224115448,2.6862000804812523,0.0
5.1690622022656365,-1.4502478073382974,0.0
3.6435618640865677,-2.4743445415790486,0.0
-5.64199615179546,0.9487145441075948,0.0
-5.511090899380946,0.9052577266973745,0.0
-0.6913385180728264,-1.6874123940980585,0.0
5.788599994622422,-1.0826084597714551,0.0
-6.058798694856555,-0.2577895501611073,0.0
-0.08132779398068735,-2.479953160237102,0.0
4.677386387493778,-1.8836239733875726,0.0
5.399435671042292,-0.6284899654813163,0.0
-0.5132931356779442,-2.037205170293152,0.0
1.7183118558866548,-3.07641633347511,0.0
4.787025547888908,-2.1348232022765217,0.0
-3.190263673131195,2.5801490141079735,0.0
1.9538991235545362,0.3676903789100052,0.0
-5.465622718058697,0.9213352456673731,0.0
-5.968751596362022,-1.09877902004172,0.0
-1.9203601964003025,0.195561627902467,0.0
0.5242223200468414,-2.636132849712318,0.0
5.788779798354788,-0.661530439832777,0.0
-1.2251958391059112,3.2043503299062053,0.0
-2.1854540746456315,0.5244443980136011,0.0
0.6124016287193133,-2.9473418288319073,0.0
-0.8974822784985304,-1.4091267098135076,0.0
-2.850996772147128,2.9773256589309742,0.0
0.6951688702868108,-2.3420308798253746,0.0
1.3074527230292583,-3.374610887880741,0.0
0.7177261555270027,-2.858655906022652,0.0
-0.9248443332821796,-1.5578462207816783,0.0
-2.1522567653361477,3.3650535339325263,0.0
-4.33857578093326,2.4042581027698446,0.0
-0.2033406587361648,2.549689198718836,0.0
-6.17096654587349,-0.4740102719008398,0.0
-0.8881334873473703,-1.7191723083399193,0.0
3.1833809882542123,-2.970088331746929,0.0
-0.6783302475471131,2.933842272214093,0.0
-1.192443993835871,2.6997021838190296,0.0
1.1376558153281007,-3.2053297391470092,0.0
4.420900821358553,-1.9272231979528534,0.0
-1.2543603806348294,-0.8899758224653663,0.0
1.490270037632734,1.2259869505210994,0.0
-4.119564949956651,2.2262696238318727,0.0
-5.721662104487967,0.9736520589551212,0.0
-1.0955725445673095,2.7249823441439744,0.0
1.9654838030381891,-3.057113489837348,0.0
-1.4995366989795813,-0.8539705194631027,0.0
4.5514098653539845,-1.5633010969479675,0.0
-4.531518012499372,2.2028839434339784,0.0
0.3078478358234582,2.0248020244219807,0.0
2.243342235663542,-2.685447898719703,0.0
-1.8634470192910173,-0.6344850615287931,0.0
2.340956304789244,-3.2899306727439903,0.0
-3.6593607637986607,2.629373137445064,0.0
-4.581663357532278,2.209623252944508,0.0
-1.8797416642496427,3.1483052655063277,0.0
-1.8010878320181267,-0.2852647091937386,0.0
-2.1492870619146625,-0.568938214612059,0.0
-4.222430769802668,1.9672078796554597,0.0
1.979397191354344,-3.079568649886792,0.0
1.795688029483662,-1.0940048633310007,0.0
1.1074428610370566,-2.685787971337523,0.0
-1.8099034866860348,-1.1002830442772478,0.0
-5.7122842056959655,-0.14135991241754042,0.0
-1.6435871374106097,-0.9007088397232693,0.0
4.033262621841107,-2.020424475442598,0.0
2.917096395659308,-3.141047232214854,0.0
-0.8228870185311594,-1.646135480457242,0.0
3.373918874469438,-2.9390913073236535,0.0
0.10949736942785915,2.5346213592304623,0.0
1.9258223458782773,0.151723205500101,0.0
0.49694538396986987,-2.686228502144562,0.0
1.2772856442048899,1.4790257321438687,0.0
-1.6277485597752146,-1.0463189089477525,0.0
-5.697427681505918,0.694572689729646,0.0
0.657807537357546,1.9343581900518236,0.0
5.8426745365053145,0.5127117395133367,0.0
3.6473366089844177,-2.7092399473676307,0.0
5.071328819503926,-1.36417535823517,0.0
2.2058243640010664,-3.107479055626079,0.0
4.405603345611319,-2.456316329652336,0.0
-1.2332104061634328,-1.802052933970311,0.0
-0.2767967406040168,2.7441944424772817,0.0
0.5094609535462333,1.9372337556263557,0.0
-4.535957311995515,1.6055927175746039,0.0
1.8485507285092195,-0.38753310767557836,0.0
-5.284684164339639,0.9667102435158907,0.0
3.3075710238865135,-2.3910427647857024,0.0
1.3688346048009765,-3.1766646434665953,0.0
5.66251117043775,-1.2981301786422053,0.0
-3.951743942442382,2.5039748217362674,0.0
2.7731832993381484,-2.6472705239719114,0.0
5.0348778802648635,-1.2329291285242285,0.0
2.389031893110819,-0.7669873621924235,0.0
1.685508882565367,0.4314999417571934,0.0
-5.47071235405436,0.7684035155457372,0.0
-0.5379279741075629,2.709368365091179,0.0
0.44186491800099637,2.0234906550976324,0.0
-4.25890220173881,2.144874768293834,0.0
-1.5986044124122145,0.39238622387026156,0.0
4.833187959566081,-2.2707484180969324,0.0
6.119822031562087,1.2178284245806434,0.0
-0.3499203982951622,2.8951535325943567,0.0
4.708410667858946,-1.4393467948905894,0.0
3.929342995960835,-2.3542847054557132,0.0
-0.6615572034167307,-2.272998292145896,0.0
0.9428732865945442,1.4754854899672716,0.0
0.7156790302228639,-3.165860300957259,0.0
-0.5865092549411446,-2.023068327125143,0.0
-0.030335778641747968,2.283616694427922,0.0
1.2423794238243397,-2.7173726141883057,0.0
4.28421512256275,-2.0366495160484144,0.0
-3.3249883469431425,2.827384869775529,0.0
1.7051666917765775,-2.5983220814834556,0.0
6.06336136013004,0.2685714989496215,0.0
-1.1780187803237294,2.787389183275548,0.0
2.008992010913646,0.10159237613276595,0.0
-5.782935052199752,-0.7245866323366223,0.0
0.13255910041007235,-2.759235130129679,0.0
0.822055405975259,1.9777509975544092,0.0
-3.6551136564615847,2.612527919600216,0.0
1.9133379798354007,0.2499708378759551,0.0
6.105337170635966,0.6046398771660086,0.0
2.8466714853474446,-2.752155402794163,0.0
4.249361694644291,-2.1608215677346196,0.0
-2.859768625449555,3.0831315468636546,0.0
1.34361407291322,0.46911580341125036,0.0
-0.5462723964880976,-2.174136470881657,0.0
-2.0165426508854356,0.7838997686947429,0.0
4.713562340990956,-2.266457889116892,0.0
3.2921657956658272,-2.7793619916044814,0.0
4.1686948994473125,-2.5690116993682848,0.0
-5.294684576356579,0.7499719755309424,0.0
-4.58465188713185,2.4350636211227186,0.0
1.6338130790395868,0.6511085372943823,0.0
-2.017572318483487,0.9658919604535856,0.0
3.5967393558850214,-2.817527230499569,0.0
1.7151937789775138,-0.8512640777761639,0.0
-2.335088390995759,3.223817928520761,0.0
-5.782079695946829,0.5914716473453097,0.0
-6.1430172808274435,-0.6214214849707616,0.0
-3.7619076762431023,2.606102223549375,0.0
4.937293915770016,-1.5916277086810235,0.0
-6.046647857741245,0.05011163346979597,0.0
3.7725036098158604,-2.4603471285726513,0.0
5.820261123397653,-1.1381238619754195,0.0
-0.9404583023889905,2.6833275530242027,0.0
6.129048440880153,0.4664154965314724,0.0
-0.14336181990156804,3.104327594735749,0.0
0.8228046580308837,-2.72665656195922,0.0
1.5054643578527624,0.561412114135242,0.0
-0.45274073766166123,2.5153449342836534,0.0
0.037001961485989554,2.399874503339849,0.0
5.090980902550977,-1.4493742677260895,0.0
-3.6963319142707265,3.1743060124284437,0.0
3.165763438850238,-3.011328241803078,0.0
0.5772105481294738,2.348915112391136,0.0
4.419155124186041,-1.6543734293311323,0.0
5.722572530484433,0.21426108984235048,0.0
-2.2041579404356724,-0.5034364430784918,0.0
-0.5667001598263237,2.822918317135385,0.0
1.6217807539792206,-3.3279966244969756,0.0
-1.3753385186116174,2.9502715600965197,0.0
2.028598763528242,-2.8643735064657125,0.0
-0.9867334204366478,-1.6691214988237062,0.0
-2.167618113212377,3.0191567089127975,0.0
-2.4453198856438236,3.143984764491538,0.0
-2.0276213972504182,0.963532816920283,0.0
-5.634972845560435,0.22547186806516617,0.0
3.087741232519332,-2.7972773633284698,0.0
-3.0137850949945966,2.708340849556662,0.0
5.34327334156338,-1.3047639787669856,0.0
-0.0978709099159254,-2.4666031823327303,0.0
3.528329333789581,-2.7344106561065544,0.0
-1.4773184511026651,-0.4947563488636847,0.0
-6.216706940098968,-0.2842261501996908,0.0
1.513897071482332,1.2914864063412983,0.0
-0.3842799384310518,2.3261896928411936,0.0
2.1260726364992673,-0.48427921766847914,0.0
-1.250622135544208,-0.6862736995509908,0.0
5.691030890066841,-0.4434854027745512,0.0
6.0903600521633265,0.3187788513042378,0.0
2.0899160608853284,-2.813200837906744,0.0
4.8724421989789075,-1.7260062222915076,0.0
-1.2761013419676857,3.2515805654116887,0.0
-5.642463107065405,0.5720237353565834,0.0
5.651364337931142,-1.3448308793630672,0.0
3.2349297839102116,-3.101659941589363,0.0
5.347914164144799,-1.1881348022455738,0.0
2.5651113187485004,-2.933726350402347,0.0
-1.2089617386037217,2.592351568601294,0.0
-0.35945190003180194,-2.1935620555201534,0.0
0.8655429599969091,-3.001568795361375,0.0
-5.066315408487246,1.533814177091,0.0
-5.339895770839221,0.4601180040340578,0.0
5.453464018921259,-1.0135278043815477,0.0
-5.575953630283681,1.2202082452617495,0.0
-1.028692603633894,-1.5528147043161495,0.0
1.3415249911545288,-2.657528651635395,0.0
-1.9157428946652708,0.9762075061421018,0.0
-3.3047957151290706,2.918743600815451,0.0
-0.2774669217292298,-2.1555937797530973,0.0
-6.035818010266154,-0.5651854317706568,0.0
-0.11052513239705486,2.582512915949268,0.0
3.8832090199325116,-2.3534254341140874,0.0
-2.172431605563698,0.17189433881674265,0.0
-1.3908991050753023,-0.8805692076250607,0.0
-1.637287123735336,3.00779832318402,0.0
-1.199746131658461,-2.0780728856217614,0.0
-1.8428389733609554,-0.9203059072327859,0.0
5.976258253440044,-0.5984628701554056,0.0
2.683333393752294,-3.0848507686844533,0.0
-3.86783820936007,2.7022597783578313,0.0
-2.889706426971462,2.7852894532839576,0.0
-3.9626344966961415,2.558843227539363,0.0
-2.9468924281971396,2.5068337116566535,0.0
-5.5954344388515675,0.40114237672842235,0.0
5.57768732846419,-0.33623392479243697,0.0
2.69091770054324,-3.122050944159908,0.0
0.057682430203298996,-2.8058129267668006,0.0
-0.7623917056053995,-2.2080373658309895,0.0
-0.05698621673117543,-1.9696568121518636,0.0
-1.8517287334830685,3.4122729198534163,0.0
1.6851149479782834,-2.6669399009499224,0.0
-5.399105985754558,1.230541985151068,0.0
0.1495977764622216,2.1305230209001866,0.0
-5.990261768281586,-0.1310741306394011,0.0
-4.837812482616199,2.1121982771821277,0.0
-4.439345826669159,1.8872657263964219,0.0
-5.47013018592149,1.0623812705475966,0.0
-5.552827918011376,-0.37934454332445144,0.0
-1.784910659014221,-0.8133446521820638,0.0
0.04846874105564858,-2.5218385373782923,0.0
-2.3412478095716223,0.4693129644561749,0.0
3.2824715929206123,-2.7911372189149377,0.0
-1.0178694894280296,2.7944388924885515,0.0
-2.7628678571810994,3.091727503647655,0.0
1.716857863116986,0.7845689864145617,0.0
1.6351353678620102,0.8387941795658413,0.0
-1.868062309426101,-0.5176529077310469,0.0
-4.7803099288299205,1.7797941521886358,0.0
-1.7802064291302726,-0.15470915603519142,0.0
-5.7595077416036835,0.8517834285543642,0.0
-6.0607737530362735,-0.7293785866721324,0.0
3.9180978829212583,-2.4368014675212435,0.0
0.10417461919522975,-2.3230969542777924,0.0
-1.136435260375166,-1.4184440016065119,0.0
-1.104777341335482,-1.555378771254834,0.0
-3.40181480184744,2.9154073056327845,0.0
2.9596490104314057,-2.9891975493877556,0.0
-3.2012122822066456,2.351904487217028,0.0
1.518731469608885,1.0449047207449484,0.0
1.8102112682412717,0.2643576174400739,0.0
-1.707441074194222,0.47952033913061287,0.0
3.2033740969692825,-2.853965248035869,0.0
-3.23780059678899,2.671530625160895,0.0
4.004824483348683,-2.380880110155543,0.0
3.147333022173103,-2.97813442049837,0.0
0.16656970933270543,2.3830481729597865,0.0
-1.810213550056049,2.8803132113987258,0.0
-2.2243924574969554,2.977999172220833,0.0
5.793768365611199,-0.3208959750492528,0.0
1.2088050148204,-3.065468905589775,0.0
4.725066195567146,-1.9693253550598844,0.0
2.109822109536725,0.5711588522882711,0.0
-5.064056776081779,1.1717581931215078,0.0
-1.2014295935046793,3.1444398464141603,0.0
-1.877220301881847,-0.3487888944902151,0.0
2.09035283816851,-0.24663086905610776,0.0
-5.579318850637382,0.11481865982631057,0.0
5.024407304387722,-1.756645546613886,0.0
-6.174947848961356,-0.5933266153671559,0.0
-4.234586185044559,1.9291628238517609,0.0
1.5491928553811634,-2.7296787028697374,0.0
3.1276457005412306,-3.0507265566509965,0.0
5.906139740172141,0.3343726071812583,0.0
0.35819638158228084,-2.659941057392116,0.0
5.784338619354413,-0.12845808365812306,0.0
3.7472499605990714,-2.5238520799123956,0.0
-0.18711381186328446,-2.445631963820619,0.0
-4.625537802457011,1.8994250468203626,0.0
-5.9348760852570335,0.612401808147395,0.0
-2.249051532244757,2.888515973833022,0.0
5.9779635375198135,0.3186898156997182,0.0
0.7497146740136031,-2.4153170375989177,0.0
1.6871571703056505,-0.09172326542612563,0.0
-2.103937747614754,3.1086996648938907,0.0
-1.9615807364238602,3.029450112339055,0.0
-0.33921305753430464,2.720539583858065,0.0
1.1480202664154873,1.3257783807721317,0.0
-0.22673354105164756,-2.1053925189746403,0.0
1.6931575413924578,0.7153124009375924,0.0
0.11310539090334615,-2.2173004083613828,0.0
-2.102560808479284,0.02784646563761073,0.0
-1.7826745681944012,-1.1558427117373,0.0
-5.316044360947643,1.3380944481198829,0.0
-2.348441626046484,2.8894823524818256,0.0
5.567301209219964,-1.3010975305824908,0.0
3.0758604517052506,-2.962415006426445,0.0
1.3674581816449467,0.662731401459739,0.0
-5.125330077425737,1.5221390590892998,0.0
1.386155289234397,0.9542573780992836,0.0
0.589846220456876,-2.825087943539897,0.0
0.6122534521318732,-2.742358265500058,0.0
4.669123060585928,-1.7437641171152034,0.0
0.4893107667255556,-2.471698609260113,0.0
5.677155485755431,-0.8380070560491677,0.0
1.5006248933955941,0.3669912310232657,0.0
1.1345911908388526,0.9534584847229861,0.0
1.9078007257185532,0.727474092236982,0.0
1.8435786899985236,-2.634986879750098,0.0
5.715950102696409,-0.9263948648662728,0.0
-0.648539334308432,-1.9183568684211547,0.0
-5.74168584839913,0.24478895379815468,0.0
1.1536050050002484,1.5383991529928687,0.0
0.7442373500230683,2.10783281090233,0.0
5.893606130609024,0.7503038742747596,0.0
1.847358830771571,-0.42738917689229217,0.0
-4.634434233298196,1.5826567655105794,0.0
0.9867228009146247,2.0641622682325145,0.0
-3.84167279411726,2.616740850078967,0.0
1.7901171736772583,-0.7262062639176957,0.0
-2.030217044551292,0.20515578163576853,0.0
6.03610499008742,0.2035251242885039,0.0
-2.1203039189724016,-0.21380295737365818,0.0
-5.601729557438597,0.6071042039399699,0.0
0.01262532008203765,2.6517816825474685,0.0
-1.6554923915546134,-0.06495889980973613,0.0
1.4670032828273132,-3.02711577242324,0.0
1.0716834275182237,1.2753556564173154,0.0
-0.9666375674771714,3.023396223633241,0.0
4.621238782369835,-1.9547653656689779,0.0
1.307504139456395,-3.229824215288425,0.0
5.731198747887258,0.6205843028072979,0.0
-5.564408160590267,0.4658624103029778,0.0
-4.471510788782542,1.3928763524512506,0.0
-6.340175712836868,-0.11782643966833628,0.0
0.9119971229939821,2.2159748509534185,0.0
1.4467713437916485,-0.16178688706044475,0.0
1.0973382161449075,-2.6736898339898207,0.0
-5.198649963580827,1.223903503302087,0.0
-2.459522729894638,3.1861807253702414,0.0
3.1681091371187087,-2.8147091391671104,0.0
2.790887796995767,-3.2565523109315664,0.0
-6.2020742093285826,-0.8373659410539771,0.0
5.568534257626316,-0.8995520000526405,0.0
5.348164896588778,-1.0880195977655611,0.0
5.564806434539123,-1.1399609898843333,0.0
-5.154801125367243,0.8054965029867531,0.0
-3.9699602516255874,2.463146502620036,0.0
-0.7351994569786757,-1.848535096497548,0.0
3.0072114059112014,-2.967285101011613,0.0
5.328485933746793,-1.2173309345212786,0.0
6.045821529901431,0.30947706990991763,0.0
-3.6356881565597234,2.4203242832930254,0.0
4.080018643927076,-2.256148112794844,0.0
3.9419573946673596,-2.466932945508118,0.0
1.172764124498479,-2.7822476788520856,0.0
4.501981551789916,-2.4189780795153886,0.0
-1.4609864966817243,-0.8412945755888395,0.0
1.1722574226707971,1.499578923508007,0.0
3.755832437510689,-2.826618959471372,0.0
-1.6694448808702231,0.49532643708112856,0.0
5.741640069199549,-1.137997909376086,0.0
5.822543206204217,-0.6338821233313657,0.0
-4.60369852410976,1.8314926188663185,0.0
6.216959197038841,0.6444195559816948,0.0
-4.386457535439919,2.4649274651842767,0.0
-1.9727148649593873,1.1654449394789865,0.0
6.07107845709427,-0.08622212076265734,0.0
5.0166429290491354,-1.8973232893866239,0.0
1.3661704302086362,1.7012565499990369,0.0
-2.0148727536905975,0.9307481242461753,0.0
-5.911379405740532,-0.42617177339994583,0.0
1.9701125676256348,-0.1847752532507264,0.0
1.8899208446984463,-0.5412554825166795,0.0
0.717839888771092,-3.0584330033504683,0.0
0.923693729212506,1.4198944683056949,0.0
-5.352947620248221,1.4296458315077265,0.0
-4.814329847127361,2.191719817022909,0.0
-1.8734040063337747,-0.3242567317015145,0.0
0.13311672421320786,-2.648030151042273,0.0
1.7152544796653317,0.21101762893408837,0.0
1.6025238059185694,1.2059935178028547,0.0
5.823510178070714,0.18535350512635151,0.0
1.1948197987429396,1.2110475117052593,0.0
1.5135444713514774,-3.077717569819225,0.0
3.0450773200136796,-2.964640387533775,0.0
0.589883499961557,1.8186216774260489,0.0
2.1806692549796685,-0.5568165035647352,0.0
-3.3490521985019983,3.3618416392681674,0.0
4.876405442976894,-1.3522288759062258,0.0
4.123934723131182,-2.014567476369103,0.0
-2.282796838947578,2.936670166891303,0.0
0.20576561524718873,1.967905978515029,0.0
-1.7782421719682495,2.7467901962979493,0.0
-0.0016472945265286754,-2.2789975125322903,0.0
1.792138393949156,0.7517536652980337,0.0
5.801737120780047,0.8508471962326989,0.0
2.0481792905676226,-3.2184817282596585,0.0
-0.8665661328296062,-1.9324904122986346,0.0
-5.5452381051532855,-0.09268735601938771,0.0
-4.128785087636878,2.5111320836435875,0.0
3.473428538584339,-2.938003630633988,0.0
1.491552468275434,-2.701823545610589,0.0
-1.3524217485781331,-0.6646343525820705,0.0
-5.546194641755447,0.7202558976555986,0.0
-6.051829932467005,-0.423889112013936,0.0
1.8995917908272415,-3.162747252186517,0.0
2.0769309748986338,-0.9145857175457166,0.0
-1.62962521806279,-0.6899173461309045,0.0
1.65477689681016,0.5354565428109745,0.0
-5.996399377398066,0.2990963122963972,0.0
-1.4297839344889791,-1.0889533788893786,0.0
2.523484533139598,-2.936534361415509,0.0
-4.241478005293668,2.165179769510045,0.0
-5.5781400712550795,0.8512548909953348,0.0
3.8261866192899596,-2.3624300367269075,0.0
-5.896919283989974,0.5174496140808926,0.0
1.978589576680649,-2.944875769966722,0.0
-3.0029770929068755,2.8294448041542064,0.0
-1.9705278516341502,0.7138763500136913,0.0
1.5698282461743864,0.6512229944208661,0.0
-5.198366820535151,1.9507046465033708,0.0
-0.5724347291921565,-2.4098635176712957,0.0
-1.8056191467834495,0.754577081057485,0.0
0.27982851568737566,2.2511932902854124,0.0
1.5678754538777953,1.5250027775248287,0.0
-0.9427739388626508,-2.0702433519272185,0.0
-1.1884918906300683,3.007572721703518,0.0
1.2382319644668858,-2.7323231420080827,0.0
-3.48439938159088,2.516991001229286,0.0
-2.1062467536073792,0.7274625124043483,0.0
0.057644685880915425,-2.8843404725984794,0.0
0.6199905671059946,2.1060564887312947,0.0
-0.508598972423921,-2.4645899091455705,0.0
-0.7201248384744932,-1.7170567109051142,0.0
1.7164127405185012,-0.07347063726826475,0.0
2.11717171817367,-2.855568212038554,0.0
5.986541125240282,-0.9136861027320368,0.0
-3.5545451365017677,2.6611604830821,0.0
-0.23725275571308768,-2.3141674402436134,0.0
0.547173130358674,1.9716011349181635,0.0
3.1494501982851704,-2.7256510655122383,0.0
-1.8357411615440669,2.762500057399201,0.0
-1.4156935729464764,2.8692164064342514,0.0
-1.0312136167255137,-1.4020645741890774,0.0
0.6755101100071021,-3.104391135896527,0.0
5.724450866398718,-0.4842523513521447,0.0
-0.8097022608584694,-1.243518901629188,0.0
0.779982956598384,2.2306014114410986,0.0
-5.648142010008483,1.256484358859963,0.0
-1.5855957409591876,-0.93201125459545,0.0
-1.0183079802254573,-1.0884408009931368,0.0
1.7948697247393302,-0.6293514876507025,0.0
-1.7029736527404966,-0.4409236562025278,0.0
-0.1470682681451747,2.2461721212515133,0.0
-5.2276589463364065,1.2502825032318974,0.0
2.177986416483235,-0.5345628906964119,0.0
-5.579421211560875,0.6385876997888267,0.0
-1.824724580567678,0.14791067521314072,0.0
1.9444396387297003,0.04239008304160352,0.0
-5.222435197095686,1.817032063765721,0.0
-1.7792551988929421,0.7811879963194865,0.0
5.8291405414647,0.4721119082265941,0.0
-1.5993903948493535,-0.04111821670602456,0.0
-1.6453679063231383,0.5908530103993828,0.0
-5.378751223755863,1.351168739982838,0.0
0.857952039337313,-2.948116928362456,0.0
-2.9253451503788406,2.5348111832420464,0.0
1.1866819858164122,1.700135883167234,0.0
-1.6230089726023351,-0.8105378510751838,0.0
-4.596429122395782,1.9052019606972483,0.0
-3.382859150102221,2.7308224836961688,0.0
2.1301587245333327,0.4310688982502324,0.0
-4.575661029783044,1.9059068941234485,0.0
-6.128574432210009,-0.013191482877861538,0.0
3.5491570918113426,-2.596604603299834,0.0
2.1333526174222825,0.24191912875741872,0.0
-0.4974210325100705,2.8123837170603885,0.0
1.62584450273958,0.4917951963379885,0.0
4.266807929663168,-1.848340718276348,0.0
1.9994786468792194,-1.0313061030352304,0.0
0.48910492783279125,-2.477626715703479,0.0
5.9824212477995475,-0.26773241801942804,0.0
-2.9879922026583525,2.8862746594926296,0.0
-0.6220967382456943,2.5999774114129783,0.0
2.4147492952424665,-3.118735092252974,0.0
-0.8458692826986032,2.8822881180023034,0.0
1.2770418785239142,1.4730464957044767,0.0
-5.640763393233485,0.2406697862109881,0.0
-0.05996598892989935,2.8480005532183763,0.0
-5.894813825144434,-0.7557806822051458,0.0
2.7195024808505277,-2.7606843250533437,0.0
3.583459687594928,-2.247974839183369,0.0
-0.7151147886104643,2.808291007542103,0.0
-5.29877671603257,0.8823266824280023,0.0
-0.335266611488068,-2.7496144497773325,0.0
4.553072501812635,-2.086625718491093,0.0
0.9210453695457654,1.7384311352807074,0.0
3.383956290435467,-2.7322565421606306,0.0
-0.9895970064756987,-1.7781005326205155,0.0
-1.6467969082897091,-0.36414983017406144,0.0
1.818573206771266,-3.056544776531357,0.0
4.365514538113939,-1.9925842741382196,0.0
1.3082773310804976,1.0195234113117713,0.0
3.7040725632869593,-2.721060157071523,0.0
0.14523936497941747,-2.378574646337891,0.0
-2.5550567669278466,3.0247590147803516,0.0
5.665322487466097,-0.5453168762685985,0.0
-0.49608543251705295,2.8192052348355965,0.0
-5.835984321989607,0.11370387550183159,0.0
-4.530892106643201,2.1391966665407627,0.0
-4.861720788926094,1.2484821444152825,0.0
-5.744300576467586,-0.5210787348254988,0.0
-0.8842973414624127,-1.8691820834410249,0.0
3.9218614940592165,-2.4723721013316666,0.0
-1.4881270102067392,-1.1247985345583198,0.0
5.93476734388983,-0.7433714647588545,0.0
-1.2381835063380762,-1.514482962691647,0.0
-5.4150917250334505,0.3330533408394365,0.0
-5.902539795640513,-0.4214023533253901,0.0
-1.2526089944650551,-0.8380646930389282,0.0
6.294332040600594,0.17088357806844412,0.0
-2.011024197776667,0.006472783741536592,0.0
-5.924341213855646,-0.9834115435651478,0.0
-4.850078407518298,1.8461989095224536,0.0
0.03959182790454907,2.657755938332041,0.0
1.326995856804313,1.1882115543371752,0.0
1.7230449024032888,-0.057072248061524666,0.0
-3.5646426652083285,2.840762761356485,0.0
-5.702925518984454,0.00506936524941759,0.0
3.133580835403177,-2.965251172215495,0.0
-3.057534916023323,2.6797270912922184,0.0
-0.7582814824687507,2.741276559588322,0.0
1.5974233322219682,0.11331754641376768,0.0
-1.6154416271102472,-0.3429622178087428,0.0
-1.4629126593584634,2.8631182711988443,0.0
-5.222477660197201,1.562297013776297,0.0
-1.409242711423049,-0.8788140203940925,0.0
5.752811893238907,-0.2876468986000278,0.0
0.15325127143012818,2.2411263270182653,0.0
1.8770790058754998,-0.47809571478652446,0.0
-0.1370374987090166,-2.5455907539938236,0.0
0.9273117444597361,1.9903717707853117,0.0
-5.994378947787012,0.29986473139547365,0.0
6.036306021659428,0.5749597827375594,0.0
1.8809073269694796,-2.9346378394660886,0.0
-1.6989125589501501,-0.10413403980373692,0.0
3.823485089731962,-2.2919913692091916,0.0
-0.634299483555705,3.0318030263306808,0.0
0.24929403223471924,2.601677002133086,0.0
0.9493540528891038,1.9694477818125256,0.0
-4.933623458835978,2.072684762070108,0.0
2.2350353466928476,-3.2454988298815937,0.0
2.934002076592109,-2.29472898446091,0.0
5.418418791792664,0.3419753486703989,0.0
-1.9850387363860853,0.14654621907228016,0.0
6.084302697549004,-0.06931506110987362,0.0
1.3686721096635157,0.39300311570195445,0.0
-5.276212345770468,0.9860555679958094,0.0
2.1157553907086495,-0.5297980296299942,0.0
-1.122341243291491,-1.3788465731200805,0.0
-5.99606499783183,0.37557403141281553,0.0
1.8008759578100157,-2.8399129642315453,0.0
-2.105858629590321,3.3312514350083475,0.0
-3.97233967037884,2.4170288278742444,0.0
1.6479153561692605,1.1517984865335213,0.0
0.6537380755813476,1.7048064008486952,0.0
-4.568109982637347,1.9898101673307549,0.0
-2.736795312027324,3.08221983547795,0.0
-2.6492929082647567,3.0831162031417767,0.0
-3.7911093803478733,2.368830156235099,0.0
-4.0880641157456115,2.6126711572803956,0.0
-0.41374324396165285,-2.0505212046030867,0.0
0.12311179794492544,-2.222836831610194,0.0
-0.8139578650513366,3.0274310723880253,0.0
-5.580357196842449,0.16718942097725575,0.0
-1.3756665929732819,-0.9270851719444599,0.0
-4.193175040843165,2.332621833182492,0.0
-4.9475161056017,1.6576039995299299,0.0
6.063232375657819,0.38273180306391774,0.0
-0.9866189192784427,-1.3473508870205673,0.0
1.573656991707297,0.349204643277671,0.0
-5.390369672516281,0.9816517387326249,0.0
-1.4169285052154812,2.8437355323922717,0.0
1.1806876419370789,-2.656977243327356,0.0
5.722869215795347,-0.25367663470386903,0.0
4.62847841924608,-1.626912369402448,0.0
-5.243269486480121,1.8095221279324956,0.0
-6.152165008258537,-0.8320072682447328,0.0
1.475759788329488,0.28641815353906264,0.0
6.31312415629702,0.14938371084571034,0.0
-4.847683261679861,1.1807682730860805,0.0
2.3861475045676386,-0.10549138262316671,0.0
-5.357567353372426,1.110250626650295,0.0
-2.5852915076007923,3.0571962539352384,0.0
4.314155518398419,-2.3601659768090446,0.0
-5.870656613708817,0.7973681001911006,0.0
3.6757077717977964,-2.5114843562757656,0.0
1.46185507325534,1.1640200232697104,0.0
1.913170926022997,-0.06672435524016129,0.0
-2.952371653865257,2.83520541437963,0.0
1.8121527460439402,-2.8329416052474543,0.0
-3.910469483662106,2.3957771874036955,0.0
0.1470403846027537,2.3418322945118457,0.0
1.2411424300212186,-2.9958261402279414,0.0
-3.2166562946826036,2.3678921437331284,0.0
1.7326627901487202,-3.113631313932433,0.0
-1.6992505716684474,-0.31880569903058886,0.0
-3.1075857874007933,2.842410142763844,0.0
5.807323323480552,-1.263922638797364,0.0
4.66840425851628,-2.048994598245277,0.0
0.5462525736079158,2.290361482153757,0.0
4.845408179970167,-1.7166769564897526,0.0
-1.9883874889382942,0.6331191145755224,0.0
0.26479932796318195,-2.3480729879105655,0.0
4.7580162448898875,-2.2491653631090966,0.0
-5.340769855056791,1.8101335302194284,0.0
-5.501582728458141,0.916067563707065,0.0
-0.825394248191881,-1.6266034372524758,0.0
3.6867811121816203,-2.398058334231905,0.0
-2.622908170583518,2.672130651512006,0.0
-4.034891796485476,2.7375859847259982,0.0
